"Authors","Author full names","Author(s) ID","Title","Year","Source title","Volume","Issue","Art. No.","Page start","Page end","Cited by","DOI","Link","Abstract","Author Keywords","Index Keywords","Document Type","Publication Stage","Open Access","Source","EID"
"Tveterås S.; Asche F.; Bellemare M.F.; Smith M.D.; Guttormsen A.G.; Lem A.; Lien K.; Vannuccini S.","Tveterås, Sigbjørn (6505637177); Asche, Frank (55904477400); Bellemare, Marc F. (25925711500); Smith, Martin D. (15037909900); Guttormsen, Atle G. (7003457009); Lem, Audun (35409580500); Lien, Kristin (35203509000); Vannuccini, Stefania (55209964000)","6505637177; 55904477400; 25925711500; 15037909900; 7003457009; 35409580500; 35203509000; 55209964000","Fish is food - the FAO's fish price index","2012","PLoS ONE","7","5","e36731","","","239","10.1371/journal.pone.0036731","https://www.scopus.com/pages/publications/84860682245?origin=resultslist","World food prices hit an all-time high in February 2011 and are still almost two and a half times those of 2000. Although three billion people worldwide use seafood as a key source of animal protein, the Food and Agriculture Organization (FAO) of the United Nations-which compiles prices for other major food categories-has not tracked seafood prices. We fill this gap by developing an index of global seafood prices that can help to understand food crises and may assist in averting them. The fish price index (FPI) relies on trade statistics because seafood is heavily traded internationally, exposing non-traded seafood to price competition from imports and exports. Easily updated trade data can thus proxy for domestic seafood prices that are difficult to observe in many regions and costly to update with global coverage. Calculations of the extent of price competition in different countries support the plausibility of reliance on trade data. Overall, the FPI shows less volatility and fewer price spikes than other food price indices including oils, cereals, and dairy. The FPI generally reflects seafood scarcity, but it can also be separated into indices by production technology, fish species, or region. Splitting FPI into capture fisheries and aquaculture suggests increased scarcity of capture fishery resources in recent years, but also growth in aquaculture that is keeping pace with demand. Regionally, seafood price volatility varies, and some prices are negatively correlated. These patterns hint that regional supply shocks are consequential for seafood prices in spite of the high degree of seafood tradability. © 2012 Tveterås et al.","","Animals; Costs and Cost Analysis; Fish Products; Humans; Marketing; United Nations; Animalia; aquaculture; article; calculation; cost; cost benefit analysis; fish; fish price index; pisciculture; sea food; statistical analysis; animal; cost; economics; human; marketing; United Nations","Article","Final","All Open Access; Gold Open Access; Green Open Access","Scopus","2-s2.0-84860682245"
"Donovan U.M.; Gibson R.S.; Ferguson E.L.; Ounpuu S.; Heywood P.","Donovan, U.M. (6602571944); Gibson, R.S. (57219252176); Ferguson, E.L. (7102858171); Ounpuu, S. (7003847484); Heywood, P. (7006480784)","6602571944; 57219252176; 7102858171; 7003847484; 7006480784","Selenium intakes of children from Malawi and Papua New Guinea consuming plant-based diets","1992","Journal of Trace Elements and Electrolytes in Health and Disease","6","1","","39","43","24","","https://www.scopus.com/pages/publications/0026530337?origin=resultslist","Dietary selenium intakes were determined over three seasons for 66 children aged 4-6 y in rural Malawi, and at one season for 67 children aged 6-10 y in rural Papua New Guinea. The selenium content of the foods consumed was assessed using instrumental neutron activation analysis. Median intakes of selenium for the Malawian children were 20 μg per day, 21 μg per day, and 15 μg per day at harvest, postharvest, and preharvest seasons, respectively. More than 43% of the Malawian intakes were below the U.S. Recommended Dietary Allowances for 4-6 y olds (20 μg per day). Median intake of Se for the Papua New Guinean children was 20 μg per day, with 87% of the intakes below the recommended level for 7-10 y olds (30 μg per day). Statistical comparisons of selenium intakes over three seasons for the 51 children present in all survey periods revealed that mean intakes were not significantly different in survey periods one and two, but decreased significantly in survey period three, when expressed per day (p < 0.002), per MJ (p < 0.003), or per kg (p < 0.001). For the Malawian children, the four major food groups contributing ≥ 95% of total dietary selenium in the three seasons were cereal products (35%, 60% and 48%) fish (26%, 20% and 27%), legumes and groundnuts (28%, 12% and 10%), and fruits and vegetables (7%, 5% and 11%). For the children in Papua New Guinea, 95% of total dietary selenium was contributed by local staples (61%), green leaves (15%), animal products (12%), and store-bought staples (7%). Intakes were lower than some reported for US and Australian children, but higher than New Zealand findings.","","Child; Child, Preschool; Diet; Female; Human; Malawi; Male; Papua New Guinea; Plants, Edible; Seasons; Selenium; Support, Non-U.S. Gov't; selenium; article; child; dietary intake; human; papua new guinea; vegetarian diet","Article","Final","","Scopus","2-s2.0-0026530337"
"Odekunle F.J.; Fadeyi A.A.; Fadairo O.A.; Agbebiyi M.J.; Igwilo M.C.; Akindele-Sotunbo D.B.; Alabi A.S.; Adebayo O.A.; Oyewole K.A.; Akande I.; Kilasho O.M.; Jinadu I.O.; Iseoluwa A.; Adebakin T.E.; Anifowose T.E.; Akinde O.P.; Onifade O.F.; Oke T.I.","Odekunle, Folasade Jokotade (59911718500); Fadeyi, Ayomipo Akintunde (59912356800); Fadairo, Oluwafunke Adesola (60194463400); Agbebiyi, Moyosore Joy (60194286700); Igwilo, Malachy Chidike (57197855786); Akindele-Sotunbo, Dolapo Bose (60106045700); Alabi, Adewale Segun (57195741914); Adebayo, Oluwatoyin Abiodun (59911464600); Oyewole, Kehinde Alabunkun (57214836127); Akande, Ifeoluwa (59912231900); Kilasho, Omotunde Musiliudeen (57820190100); Jinadu, Idris Olawale (60194463500); Iseoluwa, Ademosu (60194650100); Adebakin, Taiwo Ezekiel (59311237900); Anifowose, Titilayo Elizabeth (59911842100); Akinde, Oluwabunmi Pricillia (60193563400); Onifade, Olayinka Fisayo (57731801600); Oke, Teminijesu Isreal (60022474000)","59911718500; 59912356800; 60194463400; 60194286700; 57197855786; 60106045700; 57195741914; 59911464600; 57214836127; 59912231900; 57820190100; 60194463500; 60194650100; 59311237900; 59911842100; 60193563400; 57731801600; 60022474000","Resilient Food Systems in Water-Stressed Regions: A Comparative Analysis of Water Scarcity and Food Security in Botswana and South Africa","2025","International Research Journal of Multidisciplinary Scope","6","4","","561","579","0","10.47857/irjms.2025.v06i04.06883","https://www.scopus.com/pages/publications/105021800243?origin=resultslist","Water scarcity remains a critical challenge to global food security, particularly in arid and semi-arid regions. This study provides a comparative analysis of the relationship between water scarcity and food security in Botswana and South Africa, two Southern African countries experiencing acute water stress. Anchored within the framework of Sustainable Development Goals (SDGs) 2 (Zero Hunger) and 6 (Clean Water and Sanitation), the research adopts a mixed-methods approach, applying the food–water analytical framework. Data were drawn from the Food and Agriculture Organisation’s Global Information System on Water and Agriculture (AQUASTAT) and FAO Statistical Database (FAOSTAT) for the period 2005–2022. Descriptive statistics and thematic analysis were employed to examine patterns of food production, import dependence, and water resource management. Findings indicate that both countries rely heavily on cereal imports to bridge deficits caused by low agricultural output, exacerbated by climate-induced rainfall variability and population growth. Botswana, with limited agricultural capacity and a high dependency ratio for water, has shown relative resilience to external food price shocks. In contrast, South Africa, despite stronger food export capacity, remains vulnerable due to uneven water distribution and rising irrigation demands. Annual precipitation in both countries falls significantly below the global average, confirming persistent water stress. Policy responses include efficient irrigation technologies, rainwater harvesting, wastewater reuse, and selective desalination. Additionally, the introduction of drought-resistant and genetically modified crops has enhanced food system resilience. The study highlights the urgency of adaptive water governance and agricultural innovation to secure sustainable food systems in water-stressed contexts. © 2025, Iquz Galaxy Publisher. All rights reserved.","Botswana; Climate Change; Food Security; Resilient Agriculture; South Africa; Water Scarcity","","Article","Final","All Open Access; Gold Open Access","Scopus","2-s2.0-105021800243"
"Delgado C.L.","Delgado, Christopher L. (7103072092)","7103072092","Why domestic food prices matter to growth strategy in semi-open West African agriculture","1992","Journal of African Economies","1","3","","446","471","19","10.1093/oxfordjournals.jae.a036762","https://www.scopus.com/pages/publications/0027079424?origin=resultslist","It is argued that the conventional wisdom that domestic food prices are purely endogenous to the determination of equilibrium real exchange rates ignores structural features of West African economies that make them 'semi-open'. The features include very high transfer costs from West African ports to producing and consuming points, the need to trade on world markets in order to grow, low comparative advantage in starchy food production on world markets, and a close link between the prices of basic food staples and the costs of exportables production, through the labour market. This introduces important exogenous elements into the determination of equilibrium prices of major domestically produced starchy staples. Weather shocks and food sector policies have scope for changing the price of non-tradables in a lasting fashion relative to the prices of importables and exportables.The structural features in question are investigated for a sample of West African countries, and the reduced form of a macroeconomic model of real exchange rate determination is estimated incorporating the exogenous portion of domestic food prices as arguments. Results show that exogenous increases in domestic food prices lead to significant real exchange appreciation. Therefore, a competitiveness strategy in West African agriculture requires explicit attention to policies that maintain low and predictable domestic food prices relative to exportables, through improved food import or production policies. © 1992 Centre for the Study of African Economies.","","Africa, (West); agricultural development; agricultural growth; developing country; exchange rate; food price; food prices; macroeconomic model; policy development; price increase; real exchange rate","Article","Final","","Scopus","2-s2.0-0027079424"
"Jimale H.M.","Jimale, Hussein Mohamed (60695443500)","60695443500","What drives high grain import dependency in Somalia? Evidence from ARDL modeling (1992–2023)","2026","Cogent Economics and Finance","14","1","2677303","","","1","10.1080/23322039.2026.2677303","https://www.scopus.com/pages/publications/105042136011?origin=resultslist","Somalia faces excessive grain import dependence, which worsens its trade balance and increases vulnerability to global market volatility. The study employed ARDL model and time series data from 1992 to 2023 to examine the short-run and long-run relationships between grain import dependence and domestic cereal production, GDP, urbanization, food aid, and global food prices. The results reveal that lower levels of domestic cereal production, GDP, and global food prices are associated with increased grain import dependence in the long run, while higher levels of urbanization and food aid also contribute positively to import reliance. Short-run dynamics generally support these findings, although GDP and global food prices have statistically insignificant effects. These findings highlight the importance of enhancing food sovereignty and reducing Somalia’s exposure to external food shocks by strengthening domestic cereal production, protecting local crops from low-priced imports, and effectively managing food aid programs–particularly during harvest periods. Furthermore, managing urbanization in a way that fosters demand for locally produced grains, rather than imported staples like wheat and rice, is crucial. Although the study is constrained by limited data availability and the scope of variables included, it offers important insights into the case of Somalia. Future research could expand the analysis by incorporating political instability and climate shocks to provide a more comprehensive policy framework for reducing import dependence and promoting food sovereignty in Somalia. © 2026 The Author(s). Published by Informa UK Limited, trading as Taylor & Francis Group.","ARDL model; domestic cereal production; food aid; food sovereignty; global food prices; Grain import dependence; Somalia","","Article","Final","All Open Access; Gold Open Access","Scopus","2-s2.0-105042136011"
"Chabot P.; Dorosh P.A.","Chabot, Philippe (15819172100); Dorosh, Paul A. (6603810543)","15819172100; 6603810543","Wheat markets, food aid and food security in Afghanistan","2007","Food Policy","32","3","","334","353","56","10.1016/j.foodpol.2006.07.002","https://www.scopus.com/pages/publications/33947115295?origin=resultslist","In Afghanistan, after two decades of civil strife and successive droughts from 1998 to 2002, large inflows of food aid, distributed mainly to returning refugees and through food for work programs, have helped offset production shortfalls of wheat, the country's major staple. At the same time, private international trade from neighboring countries, especially Pakistan, has also played a major role in augmenting wheat supply and stabilizing prices. This paper presents an analysis of wheat prices and market flows in Afghanistan based on results of surveys of wheat traders and millers, and econometric analysis of price movements in major markets in Afghanistan and Pakistan. In spite of food aid imports, domestic prices were not lowered below import parity levels in most major Afghan markets. Thus, the price evidence suggests that large-scale inflows of food aid, which benefited the country by providing resources for targeted food for work and other programs, did not have major price disincentive effects on domestic production, at least through mid-2003. However, following the 2003 bumper harvest, the analysis suggests that continued food aid inflows may have depressed producer prices by as much as about 15%. Moreover, given substantial prospects for rehabilitation of irrigation infrastructure, there is ample scope for increasing domestic production of wheat and decreasing import demand, so price disincentive effects of food aid remain a possibility in the future, as well. © 2006 Elsevier Ltd. All rights reserved.","Afghanistan; Agricultural markets; Food aid; Food security","Afghanistan; Asia; Eurasia; South Asia; Triticum aestivum; agricultural market; econometrics; food aid; food market; food security; food supply; price dynamics; wheat","Article","Final","","Scopus","2-s2.0-33947115295"
"Tuan N.H.; Canh T.T.","Tuan, Nguyen Hoang (58708250700); Canh, Truong Thanh (59023231100)","58708250700; 59023231100","Proposed solutions for grapes development in Ninh Thuan by Fuzzy-ANP-SWOT","2024","IOP Conference Series: Earth and Environmental Science","1349","1","012033","","","1","10.1088/1755-1315/1349/1/012033","https://www.scopus.com/pages/publications/85197818359?origin=resultslist","Ninh Thuan is one of the extremely dry regions in Vietnam, and choosing farming solutions in the agricultural sector is one of the top priorities. Research chooses grapes to propose solutions for development in drought because this is considered one of the local staple crops. The study used a multi-criteria decision-making method (MCDM) with a combination of Fuzzy Analytic Network Processes (Fuzzy - ANP). Through the study of published documents and surveys, the study has identified 24 factors belonging to four groups: natural, economic, social and policy and total as a SWOT matrix. Through the Fuzzy ANP model and expert assessment, the research has proposed eight strategies, and the study identified priority strategies for the sustainable development of vines in Ninh Thuan. The results are ranked as follows: WO2 (0.162), ST1 (0.148), WO1 (0.137), SO2(0.124), WT2(0.128), ST2 (0.122), WT1(0.119) and SO1 (0.059). Research results are the basis for helping local governments have more quantitative decision-making tools, thereby helping proposed solutions to be more objective and suitable to the actual situation. © Published under licence by IOP Publishing Ltd.","Agriculture; Drought; FANP; MCDM; SWOT","","Conference paper","Final","All Open Access; Gold Open Access","Scopus","2-s2.0-85197818359"
"Zoppi M.","Zoppi, Marco (57199152152)","57199152152","'You Can't eat cotton*: Italian cohnial policies in somalia and food safety, 1900-1945; [«Il cotone non è cosa che si possa mangiare»: Politiche coloniali Italiane in somalia e sicurezza alimentare, 1900-1945]","2020","Studi Storici","61","4","","1009","1013","3","","https://www.scopus.com/pages/publications/85101899185?origin=resultslist","This paper explores the links between Italian colonial policies and food insecurity in Somalia during the period from 1900 to 1945. It is argued that over the long term, the policies put in place to ensure the necessary labour force for cotton and banana plantations dramatically reduced local staple food production to the point of making the area dependent on food imports for subsistence. Building on arguments inspired by Polanyi, the analysis shows that colonial policies disrupted the natives' mode of economic production as well as their social structures. This combined effect contributed towards undermining food security in an area already severely vulnerable to drought and famine due to its arid climate. This paper draws primarily on documentation produced mainly by Italian authorities and individuals involved in the agriculture «valorization» efforts in Somalia in the first half of the twentieth century. © 2020 Carocci Editore. All rights reserved.","Agriculture; Cash crop; Food security; Italian colonialism; Somalia","","Article","Final","","Scopus","2-s2.0-85101899185"
"Brown M.E.","Brown, Molly E. (35232671500)","35232671500","Food security, food prices and climate variability","2014","Food Security, Food Prices and Climate Variability","","","","1","214","26","10.4324/9780203071687","https://www.scopus.com/pages/publications/84954424617?origin=resultslist","The agriculture system is under pressure to increase production every year as global population expands and more people move from a diet mostly made up of grains, to one with more meat, dairy and processed foods. This book uses a decade of primary research to examine how weather and climate, as measured by variations in the growing season using satellite remote sensing, has affected agricultural production, food prices and access to food in food-insecure regions of the world. The author reviews environmental, economics and multidisciplinary research to describe the connection between global environmental change, changing weather conditions and local staple food price variability. The context of the analysis is the humanitarian aid community, using the guidance of the USAID Famine Early Warning Systems Network and the United Nation’s World Food Program in their response to food security crises. These organizations have worked over the past three decades to provide baseline information on food production through satellite remote sensing data and agricultural yield models, as well as assessments of food access through a food price database. These datasets are used to describe the connection, and to demonstrate the importance of these metrics in overall outcomes in food-insecure communities. © 2014 United States Government as represented by the Administrator of the National Aeronautics and Space Administration.","","","Book","Final","","Scopus","2-s2.0-84954424617"
"Zegada-Lizarazu W.; Kanyomeka L.; Izumi Y.; Iijima M.","Zegada-Lizarazu, Walter (10242799400); Kanyomeka, Luke (6507564301); Izumi, Yasuhiro (7202179180); Iijima, Morio (7201773821)","10242799400; 6507564301; 7202179180; 7201773821","Water acquisition from the seasonal wetland and root development of pearl millet intercropped with cowpea in a flooding ecosystem of northern Namibia","2007","Plant Production Science","10","1","","20","27","16","10.1626/pps.10.20","https://www.scopus.com/pages/publications/33846542983?origin=resultslist","Seasonal wetlands, locally called oshanas, are characteristic of the densely populated northern Namibia, a desert country in southwest Africa. The formation of seasonal wetlands, which will sustain the water balance of a semiarid environment, was quite unstable depending entirely on the variable rainfall in the upper catchments of Angola. The objective of the present study was to evaluate the use of seasonal wetland water by pearl millet, the local staple food crop intercropped with cowpea, to discuss the water competition pattern of intercropped species. Root system development of the intercropped species was also evaluated together with the water source analysis. For this purpose, field experiments using pearl millet intercropped with cowpea in the seasonal wetland in Namibia University (Exp. 1) and monocropped pearl millet in the local farmers field (Exp. 2) were conducted in northern Namibia. Both pearl millet and cowpea developed deeper root systems as the distance from the seasonal wetland water increased. At flowering time, the δD value of intercropped cowpea was similar to that of wetland water, while that in pearl millet was much lower than those of both the wetland water and groundwater. This indicated that intercropped pearl millet did not have full access to the wetland water when there was competition with cowpea for water derived from various water sources. Under such circumstances, intercropped pearl millet probably relies more on the rainfall water, which is just sufficient to sustain its growth in a semiarid environment. By contrast, intercropped cowpea wins in the competition with pearl millet and can acquire water from the existing stored wetland water.","δD; Deuterium; Drought; Heavy water; Intercropping; Stable isotope; Water stress; Water uptake","Pennisetum glaucum","Article","Final","All Open Access; Gold Open Access; Green Open Access","Scopus","2-s2.0-33846542983"
"Yan Y.; Zhang Y.-S.; Liu C.-R.; Ren D.-Y.; Liu H.-R.; Liu X.-Q.; Zhang M.-C.; Li Z.-H.","Yan, Yan (59792069700); Zhang, Yu-Shi (55992329200); Liu, Chu-Rong (57218652288); Ren, Dan-Yang (57316776600); Liu, Hong-Run (57218647494); Liu, Xue-Qing (57218651450); Zhang, Ming-Cai (9939797500); Li, Zhao-Hu (55637887200)","59792069700; 55992329200; 57218652288; 57316776600; 57218647494; 57218651450; 9939797500; 55637887200","Variety matching and resource use efficiency of the winter wheat-summer ma-ize ""double late"" cropping system; [冬小麦-夏玉米轮作""双晚""种植模式下的品种匹配与资源效率]","2022","Acta Agronomica Sinica(China)","48","2","","423","436","6","10.3724/SP.J.1006.2022.11017","https://www.scopus.com/pages/publications/85121105459?origin=resultslist","It is of great significance that exploring the characteristics of wheat-maize varieties combination suitable for stress resistance, high yield, and stable yield under the ""double delay"" system and their matching properties with natural resources, for ensuring the high yield and high efficiency production of winter wheat and summer maize in this region. In this study, field experiments were con-ducted from 2017 to 2019. Eight winter wheat and eight summer maize varieties were the main varieties in the North China Plain under winter wheat-summer maize ""double delay"" system with different irrigation treatments. Based on the analysis and evaluation of water use efficiency, grain filling characteristics, growth process, annual light, temperature, and water use efficiency, etc., the characteristics of wheat-maize varieties combination and resource use efficiency under the ""double delay"" system of winter wheat and summer maize were explored. The results suggested that among the tested wheat varieties, the yields of Jimai 325, Shimai 15, Nongda 3486, and Jimai 22 under conventional water-saving irrigation and rain-fed mode were higher than the average yield of the tested varieties druing the two growing seasons. In addition, the drought resistance index of Jimai 325 and Shimai 15 were higher than that of Jimai 22. Meanwhile, the grain-filling rate, grain number per spike, grain weight, and high stability coefficients of Jimai 22, Jimai 325, and Shimai 15 were higher than the mean of the tested varieties under different irrigation modes. Among the tested maize variaties, the yield and high stability coefficients of Denghai 605, Weike 702, MC670, and Nonghua 816 were all higher than the means of the tested varieties. The grain-filling rate of MC670, Denghai 605, and Xianyu 335 were higher than the means of the tested varieties during the two growing seasons. While, Dika 517 and Xianyu 335 had the lowest grain water content at harvest stage but the highest average dehydration rate among the tested varieties. Based on the comprehensive analysis of the yield and yield stability, drought resistance, grain-filling properties, and dehydration characteristics, the variety combination of Jimai 325-MC670 was selected with the highest annual yield and resource use efficiency. Compared with the local control combination of Jimai 22-Zhengdan 958, the annual yield increased by 17.2% and 17.9%, the light, temperature and irrigation water use efficiency increased by 18.6% and 20.0%, 18.1% and 18.9%, 17.4% and 18.1%, and increased economic benefit 8800 Yuan hm-2 and 9600 Yuan hm-2, respectively; to fit the whole-process mechanized management mode of wheat-maize double cropping system, maize could use varieties with fast dehydration rate and low grain water content when harvest, such as Dika 517 or Xianyu 335. Compared with the current local combination of Jimai 22-Zhengdan 958, this combination could increase the annual yield by 4.7% and 14.4%, and increase the light, temperature, and irrigation water use efficiency by 5.6% and 16.3%, 4.7% and 15.4%, 5.0% and 14.6%, and increased economic benefit by 2080 Yuan hm-2 and 7080 Yuan hm-2, respectively. In summary, optimizing the wheat-maize variety combination under the ""double delay"" cropping system can further improve the annual yield and resource use efficiency synergistically compared with the local staple wheat-maize variety combination. © 2022, Science Press. All right reserved.","Annual yield; Grain-filling; Resource use efficiency; Variety matching; Wheat-maize 'double-delay' cropping system","","Article","Final","All Open Access; Gold Open Access","Scopus","2-s2.0-85121105459"
"Miltner B.C.; Coomes O.T.","Miltner, Benjamin C. (56663133600); Coomes, Oliver T. (6603707595)","56663133600; 6603707595","Indigenous innovation incorporates biochar into swidden-fallow agroforestry systems in Amazonian Peru","2015","Agroforestry Systems","89","3","","409","420","19","10.1007/s10457-014-9775-5","https://www.scopus.com/pages/publications/84930197394?origin=resultslist","A pressing challenge facing poor farmers is how to maintain yields in swidden-fallow systems when confronting growing land scarcity and declining soil fertility. The objective of this research is to document the innovative use of biochar and biochar-rich kiln soils on charcoal kiln sites by Amazonian peasant farmers for annual and perennial crop production as part of their swidden-fallow agroforestry cycle. The study was undertaken in a riverside community near Iquitos, Peru, where the availability of primary forest land has decreased significantly over the past 30 years. Charcoal production is a long-standing, near ubiquitous local activity, drawing on wood primarily from secondary forest fallows. Data were collected in 2011 through household interviews (n = 36) and an extensive survey of upland kiln sites (n = 500). Results indicate this innovation, dubbed “kiln site agriculture” (KSA), evolved endogenously within the study community as an adaptation to growing land scarcity. Current landholdings were found to negatively correlate with both the number of crops households (n = 32) cultivated per kiln site (r = −0.3483, p = 0.0254) and the proportion of those sites cultivated with manioc, the local staple crop (r = −0.5441, p = 0.0006), suggesting that land-poor households rely on KSA harvests to supplement subsistence. This study provides evidence charcoal production need not be a rapacious forest use and can, through KSA and biochar, offer an affordable opportunity to peasant farmers who practice swidden-fallow agroforestry where new land in primary forest is scarce and the productivity of their weathered soils is falling. © 2014, Springer Science+Business Media Dordrecht.","Biochar; Home gardens; Kiln site agriculture; Secondary forest fallows; Shifting cultivation; Sustainable agriculture","Amazonas [Peru]; Peru; Manihot esculenta; agroforestry; alternative agriculture; crop production; crop yield; fallow; home garden; innovation; secondary forest; shifting cultivation; soil fertility","Article","Final","","Scopus","2-s2.0-84930197394"
"Animashaun J.; Emediegwu L.E.; Okoror O.T.; Osadolor N.E.","Animashaun, Jubril (55845494400); Emediegwu, Lotanna E. (57221399828); Okoror, Okiemua T. (57216202830); Osadolor, Nneka E. (57212216799)","55845494400; 57221399828; 57216202830; 57212216799","Harmful temperatures and consumption expenditure: Evidence from Nigerian households","2026","Ecological Economics","241","","108874","","","2","10.1016/j.ecolecon.2025.108874","https://www.scopus.com/pages/publications/105030205074?origin=resultslist","We examine the welfare effects of interannual variation in extreme temperatures on consumption expenditure using nationally representative household survey data from Nigeria. Prior work shows that small-scale farmers attenuate the impact of extreme heat on agricultural productivity through the short-term use of non-traded productive inputs, such as land. However, when investment in tradable inputs, such as drought-resistant technologies, is higher, attenuating weather shocks may reduce the welfare of net food buyers if it increases food prices. Using microdata on consumption expenditure from Nigerian households and controlling for seasonality and other time- and zone-specific trends, we examine the effect of changes in extreme temperature on households’ food expenditure. We find that extreme heat increases per capita consumption expenditure during the dry season but not during the wet season. Compared with households in urban areas, rural households pay more for food during the dry season. We interpret this as a reflection of the higher production costs associated with extreme heat during the dry season. Our results support policies that provide income support to vulnerable households to mitigate the impact of weather shocks in agrarian communities in developing countries. © 2025 The Authors. Published by Elsevier B.V. This is an open access article under the CC BY license. http://creativecommons.org/licenses/by/4.0/","Climate change; Extreme heat; Food expenditure; I31; Nigeria; O13; Q51; Q54; R20; Welfare","Nigeria; annual variation; climate change; consumption behavior; extreme event; household expenditure; household income; household survey; production cost; welfare impact","Article","Final","All Open Access; Green Open Access; Hybrid Gold Open Access","Scopus","2-s2.0-105030205074"
