date,wheat,maize,rice
1990-01-01,,,
1990-02-01,,,
1990-03-01,,,
1990-04-01,,,
1990-05-01,,,
1990-06-01,,,
1990-07-01,,,
1990-08-01,,,
1990-09-01,,,
1990-10-01,,,
1990-11-01,,,
1990-12-01,,,
1991-01-01,,,
1991-02-01,,,
1991-03-01,,,
1991-04-01,,,
1991-05-01,,,
1991-06-01,,,
1991-07-01,,,
1991-08-01,,,
1991-09-01,,,
1991-10-01,,,
1991-11-01,,,
1991-12-01,,,
1992-01-01,169.954772949219,109.586357116699,
1992-02-01,177.130599975586,113.921257019043,
1992-03-01,169.350738525391,116.684593200684,
1992-04-01,159.931198120117,109.055137634277,
1992-05-01,149.689117431641,109.177909851074,
1992-06-01,148.665725708008,110.201927185059,
1992-07-01,136.31901550293,102.394058227539,
1992-08-01,128.168487548828,97.5399322509766,
1992-09-01,138.735794067383,98.2166748046875,
1992-10-01,140.581283569336,94.5597686767578,
1992-11-01,147.574188232422,95.1726608276367,
1992-12-01,147.827651977539,94.0434188842773,
1993-01-01,155.650772094727,94.09521484375,
1993-02-01,148.884384155273,94.2540740966797,
1993-03-01,147.899658203125,97.5351867675781,
1993-04-01,141.992401123047,100.487373352051,
1993-05-01,136.580810546875,99.2226715087891,
1993-06-01,121.81778717041,92.7262115478516,
1993-07-01,127.522399902344,101.888687133789,
1993-08-01,129.797012329102,100.312896728516,
1993-09-01,131.294311523438,101.031677246094,
1993-10-01,135.956161499023,105.767631530762,
1993-11-01,146.501602172852,115.92845916748,
1993-12-01,158.645385742188,121.229499816895,
1994-01-01,153.207977294922,126.716453552246,
1994-02-01,147.037521362305,123.64900970459,
1994-03-01,141.04377746582,120.107292175293,
1994-04-01,140.452667236328,113.416732788086,
1994-05-01,140.147354125977,110.601257324219,
1994-06-01,139.304428100586,112.083099365234,
1994-07-01,137.600448608398,98.7315521240234,
1994-08-01,146.024124145508,96.1568756103516,
1994-09-01,158.785140991211,97.6050567626953,
1994-10-01,167.188064575195,96.1100006103516,
1994-11-01,161.986770629883,95.605712890625,
1994-12-01,164.62174987793,102.555236816406,
1995-01-01,156.213088989258,106.898773193359,
1995-02-01,154.420104980469,106.977661132813,
1995-03-01,150.385986328125,109.627067565918,
1995-04-01,148.978652954102,109.640487670898,
1995-05-01,158.611557006836,111.927581787109,
1995-06-01,169.98078918457,120.007438659668,
1995-07-01,190.08528137207,127.309562683105,
1995-08-01,184.393295288086,126.297080993652,
1995-09-01,193.671279907227,130.51301574707,
1995-10-01,203.791748046875,140.816360473633,
1995-11-01,204.067321777344,143.21223449707,
1995-12-01,208.924942016602,148.188522338867,
1996-01-01,196.4283016666666,156.67073059082,
1996-02-01,206.166963968254,164.71223449707,
1996-03-01,205.2571207936508,170.961151123047,
1996-04-01,239.5162157142857,189.03303527832,
1996-05-01,248.5948682608696,203.998931884766,
1996-06-01,215.2260275,196.639312744141,
1996-07-01,196.3869105797102,197.619995117188,
1996-08-01,181.4970116666666,186.820068359375,
1996-09-01,170.9805288888889,145.239181518555,
1996-10-01,169.5959849275363,128.608795166016,
1996-11-01,169.2658244444445,117.136840820313,
1996-12-01,167.8310717460317,116.835014343262,
1997-01-01,167.7907526086957,118.695167541504,
1997-02-01,164.1707026666667,121.746200561523,
1997-03-01,167.7085928571428,127.860580444336,
1997-04-01,175.5679200000001,124.712875366211,
1997-05-01,168.402905,118.610809326172,
1997-06-01,141.200661904762,112.58137512207,
1997-07-01,130.408065652174,106.420722961426,
1997-08-01,139.3459815873016,111.951019287109,
1997-09-01,138.239695,112.236907958984,
1997-10-01,136.2071747826087,120.244216918945,
1997-11-01,135.3820398333332,117.404762268066,
1997-12-01,129.7291065942029,113.604362487793,
1998-01-01,127.3502083333333,114.367256164551,
1998-02-01,128.308884,113.61873626709,
1998-03-01,128.2353966666667,113.840438842773,
1998-04-01,118.197695,106.687858581543,
1998-05-01,118.3496006349206,105.966926574707,
1998-06-01,112.3688133333334,101.751693725586,
1998-07-01,106.6205353623188,100.904479980469,
1998-08-01,97.00327999999995,88.3582077026367,
1998-09-01,97.57113666666673,85.7144470214844,
1998-10-01,112.1556682539683,95.494758605957,
1998-11-01,115.6113226190475,97.3845291137695,
1998-12-01,111.8045874637681,95.3247604370117,
1999-01-01,111.8932134920635,97.4518737792969,
1999-02-01,104.278526,94.5640047227443,
1999-03-01,104.5756704347826,96.4264500776398,
1999-04-01,102.3311116666667,94.0384785289116,
1999-05-01,99.61033063492067,92.7170656696428,
1999-06-01,99.94277333333332,92.9470118303571,
1999-07-01,93.01396761904762,83.5984030357143,
1999-08-01,98.0220816666666,86.3819147321428,
1999-09-01,94.79866000000005,87.1209208758503,
1999-10-01,88.55223666666676,85.6504712053571,
1999-11-01,91.67544833333332,85.4093406300459,
1999-12-01,90.43734652173909,87.2228376839286,
2000-01-01,93.6228626666667,92.9532749553571,
2000-02-01,98.16682944444447,95.0816190401786,
2000-03-01,96.3962107246377,95.1693511057143,
2000-04-01,94.43122333333325,95.5393729517857,
2000-05-01,99.11204695652174,95.5305508928571,
2000-06-01,103.366615,84.0395145034014,
2000-07-01,97.12575888888885,75.057375212585,
2000-08-01,96.6518188405797,75.2405311428571,
2000-09-01,103.4421701587302,80.150576268797,
2000-10-01,107.775855,84.7072744047619,
2000-11-01,105.0367816666666,88.9371078282313,
2000-12-01,113.7400201666666,96.2242037593985,
2001-01-01,109.479425,94.2972332706767,
2001-02-01,103.3231906666666,92.3775148214285,
2001-03-01,105.571235,91.0121535714286,
2001-04-01,106.1542026984127,87.5450665178572,
2001-05-01,110.7741672463768,85.0775230867347,
2001-06-01,109.4261387301588,83.1606659863946,
2001-07-01,108.3437116666666,90.7546695436508,
2001-08-01,104.2242092753623,92.8790316381988,
2001-09-01,103.176216,89.7439884868421,
2001-10-01,104.8312785507247,86.2677391304348,
2001-11-01,106.8015911111111,89.8825542410714,
2001-12-01,104.3703851666666,92.3115151680672,
2002-01-01,106.1891966666667,91.9669605867347,
2002-02-01,103.837602,90.728193843985,
2002-03-01,102.5515736666668,89.8579491071429,
2002-04-01,104.8029583333334,87.1066477678571,
2002-05-01,104.0964052173912,90.3313050170068,
2002-06-01,115.411857,93.1698001339286,
2002-07-01,132.6446366666666,99.7000026785715,
2002-08-01,149.6135300000001,109.891001785714,
2002-09-01,173.3426217460316,113.941454196429,
2002-10-01,180.0439666666666,109.64680993323,
2002-11-01,164.2791839682539,108.646429375,
2002-12-01,149.1959883333333,107.012648482143,
2003-01-01,140.4832855555555,105.8442561224489,
2003-02-01,141.6565043859649,106.1410799603174,
2003-03-01,129.2458475,105.1318789115645,
2003-04-01,126.0482736507937,105.3380933673469,
2003-05-01,131.0524111111111,107.906400680272,
2003-06-01,118.1571338095238,107.0253025510204,
2003-07-01,115.7759533333333,97.67066496598643,
2003-08-01,133.4844919047619,100.3495782142858,
2003-09-01,130.6499804761905,103.2384552721088,
2003-10-01,130.0566044927537,104.2059515527951,
2003-11-01,141.3470840350877,108.1004848739496,
2003-12-01,145.0674953968254,111.9922095864662,
2004-01-01,147.2896123809525,116.2455882936508,
2004-02-01,141.7338594736842,122.9324291353384,
2004-03-01,142.548725,128.4601948757764,
2004-04-01,146.0648234920634,133.439499659864,
2004-05-01,143.1842673684211,129.2852157142858,
2004-06-01,136.8614098412698,123.2787510204081,
2004-07-01,132.387431,104.4944887755102,
2004-08-01,122.05578,104.0931375,
2004-09-01,126.8207655,97.72690527210881,
2004-10-01,123.0562893650794,93.41514846938772,
2004-11-01,127.1330866666666,93.75851033834596,
2004-12-01,123.5545730434783,95.60852040816333,
2005-01-01,122.7789621666666,96.03875875000006,
2005-02-01,123.129960877193,94.35939360902258,
2005-03-01,129.9556683333334,100.0140110544218,
2005-04-01,120.0643050793651,96.47087176870753,
2005-05-01,119.1544619047619,95.364812414966,
2005-06-01,122.4733216666667,97.61527678571427,
2005-07-01,130.1644391666666,105.6642871428571,
2005-08-01,131.558302173913,99.28663642857136,
2005-09-01,137.3863193650793,97.07076836734693,
2005-10-01,143.0728392063492,101.5512460884354,
2005-11-01,136.3539973015872,95.9797064285714,
2005-12-01,139.99337,102.6760522108844,
2006-01-01,144.5679565,102.7904075000001,
2006-02-01,158.8873501754386,106.9365020676692,
2006-03-01,155.7931466666667,104.9520803571429,
2006-04-01,161.2080028070176,107.9103473684211,
2006-05-01,176.6034233333333,110.6246821428572,
2006-06-01,176.920755,109.612356632653,
2006-07-01,181.3483668333334,114.3056101785715,
2006-08-01,165.1293783333334,115.2772892857144,
2006-09-01,164.9423196666666,120.2698946428572,
2006-10-01,182.432305,142.2624107142858,
2006-11-01,182.3010776190477,164.10640125,
2006-12-01,179.5295553333334,160.7207348214285,
2007-01-01,172.5666305,165.1600189849624,
2007-02-01,175.26729,177.3848855263158,
2007-03-01,173.313195,169.5832697278912,
2007-04-01,178.5558481666666,152.6305667857144,
2007-05-01,178.0063633333333,160.1391589285714,
2007-06-01,206.5169036507937,164.5372644841271,
2007-07-01,222.0017346031745,147.2164013157895,
2007-08-01,240.686992173913,151.0307857142857,
2007-09-01,297.9524591228071,160.1250315789473,
2007-10-01,303.6304907246377,164.1141037267081,
2007-11-01,286.495618095238,171.113943392857,
2007-12-01,339.2256959259258,180.2832636554621,
2008-01-01,336.1170650793652,206.5588043233083,
2008-02-01,393.8737348333333,220.0475977443609,
2008-03-01,403.8128966666666,233.9259292857142,
2008-04-01,326.8516166666667,246.6418625000001,
2008-05-01,288.4202863492064,243.5317735714286,
2008-06-01,314.1583500000001,287.1320708928572,
2008-07-01,299.42748,267.1414540816327,
2008-08-01,304.1640726666666,235.1594666666667,
2008-09-01,263.0496593650794,233.9456133928573,
2008-10-01,202.7749350000001,183.0247028911565,
2008-11-01,194.1146296078431,164.3044002100839,
2008-12-01,188.8449496825397,158.9097969642857,
2009-01-01,211.2760833333333,173.2951299319728,
2009-02-01,195.2249026315789,163.3999605158729,
2009-03-01,199.1005683333334,164.5770303571428,
2009-04-01,200.8876466666667,168.795905442177,
2009-05-01,227.186091,180.0702121428572,
2009-06-01,227.3146938333333,179.3937946428571,
2009-07-01,195.3259916666666,151.8002553571427,
2009-08-01,179.5540511111111,152.0362942176871,
2009-09-01,156.9304506349206,150.5927930272108,
2009-10-01,163.7264383333332,167.2791214285714,
2009-11-01,177.6072814035088,171.6868545112783,
2009-12-01,171.1554987301588,164.6128196428572,
2010-01-01,167.8218628070175,167.3356308270676,
2010-02-01,160.1615603703704,161.9069612781955,
2010-03-01,156.4641179710145,158.9277694099379,
2010-04-01,156.8254687301588,157.2666426870748,
2010-05-01,158.3284596666667,163.2403005357142,472.4761904761905
2010-06-01,149.21269,152.8739339285714,458.5454545454546
2010-07-01,182.7385022222222,163.9217455782313,470.6818181818182
2010-08-01,219.8774416666667,175.6001303571429,486.8636363636364
2010-09-01,240.4321828333334,205.8395204081632,519.9545454545455
2010-10-01,234.5995631746031,235.7031229591837,532.3809523809524
2010-11-01,241.8401333333334,238.23674875,543.1363636363636
2010-12-01,274.4568181666668,250.6255508503401,536.7826086956521
2011-01-01,295.9886068333333,265.2855239795918,528.3809523809524
2011-02-01,317.6006514035087,293.3967969924812,532.8
2011-03-01,285.3758111111111,290.4347217391303,508.9565217391304
2011-04-01,307.2544084210527,318.9387760204081,500.5714285714286
2011-05-01,307.1945503174603,308.5752214285714,500.5454545454546
2011-06-01,285.29787,310.5364742857143,518.0909090909091
2011-07-01,271.4622093333333,300.8322094642856,546.1904761904761
2011-08-01,288.6883083333334,310.3071116459627,577.304347826087
2011-09-01,272.340557936508,296.2994964285715,615.5454545454545
2011-10-01,251.5891347619049,274.8463760204082,602.1428571428571
2011-11-01,244.5378501587302,274.2783489285714,609.0909090909091
2011-12-01,236.0596865,258.5179404761905,580.9090909090909
2012-01-01,243.7023691666668,272.9201455357144,541.0588235294117
2012-02-01,245.9804765,279.5143214285714,547.4761904761905
2012-03-01,243.4935983333332,280.7150519642858,577.0454545454545
2012-04-01,228.0863108333332,274.2192966071428,585.952380952381
2012-05-01,228.87964,268.8849035714286,612.4347826086956
2012-06-01,241.9657934920636,267.3289217687075,606.1428571428571
2012-07-01,310.7464380952381,332.9988525510204,578.3636363636364
2012-08-01,315.5482191304348,332.2334953416149,582.8695652173913
2012-09-01,316.6530515789474,320.7059056390978,590.5
2012-10-01,318.4078349275362,321.3824173214286,584.7391304347826
2012-11-01,319.4599361904761,321.5968704887218,590.7272727272727
2012-12-01,303.0385561403509,308.7504005639098,565.5238095238095
2013-01-01,288.2103225396826,303.3602112244898,573.3913043478261
2013-02-01,271.6785887037037,302.6103404761907,574.0666666666667
2013-03-01,263.341859,309.579205075188,564.5238095238095
2013-04-01,264.1702616666668,279.7648464285715,553.7272727272727
2013-05-01,276.0451466666666,295.368975,552.0869565217391
2013-06-01,266.8508791666666,297.1119132142858,546.25
2013-07-01,257.4728933333333,279.0132714285715,538.2608695652174
2013-08-01,258.9259383333334,234.9387660714285,509.7727272727273
2013-09-01,257.499616,207.490173392857,470.0
2013-10-01,278.1495566666667,201.7799928571429,453.2608695652174
2013-11-01,259.7777233333333,199.1824441729323,448.8095238095238
2013-12-01,246.1125787301587,197.5534486394558,447.5454545454546
2014-01-01,229.9803593650794,198.7719886054421,441.0434782608696
2014-02-01,242.7982815789473,209.3560195488722,447.0
2014-03-01,275.612493968254,222.3929171768708,434.1428571428572
2014-04-01,276.3823612698412,222.4304107142858,409.9411764705882
2014-05-01,287.9128738095238,216.9751010204081,403.5909090909091
2014-06-01,261.6499006349206,202.6338229591838,414.6666666666667
2014-07-01,238.549905,182.29451625,428.0
2014-08-01,229.158001111111,176.4820806122449,440.3809523809524
2014-09-01,211.1711014285714,163.134381292517,436.5
2014-10-01,210.7249283333333,163.3780892857143,432.6956521739131
2014-11-01,215.9879182352942,178.7085350840336,419.0
2014-12-01,234.8588366666666,178.7129460884353,410.7391304347826
2015-01-01,213.0214075,174.7948714285715,409.6818181818182
2015-02-01,201.7420687719298,173.7588657894737,409.5
2015-03-01,202.6914266666666,174.2938214285714,400.7272727272727
2015-04-01,195.9312282539683,172.1515770408164,392.4090909090909
2015-05-01,193.2165711666666,166.3503894642858,382.4285714285714
2015-06-01,199.8354416666666,166.8138607142856,370.5454545454546
2015-07-01,199.21748,179.6085303571429,387.7391304347826
2015-08-01,173.5175915873016,162.7406991496599,375.5714285714286
2015-09-01,164.0692201587302,166.0776239795919,358.7727272727273
2015-10-01,165.4514819047619,171.4485732142857,360.4545454545454
2015-11-01,157.8043789473684,166.0924240601504,358.3809523809524
2015-12-01,163.893455,164.0044017857142,354.3478260869565
2016-01-01,164.6116266666668,161.0988768796993,359.4761904761905
2016-02-01,159.283795,159.7168453571428,373.1904761904762
2016-03-01,164.0604716666667,159.2265321428571,370.4782608695652
2016-04-01,163.3868377777778,164.4654018707482,376.047619047619
2016-05-01,157.560342063492,169.0021198979592,408.8181818181818
2016-06-01,156.6950366666667,179.9127392857144,420.6818181818182
2016-07-01,133.7102030000001,161.8230448214286,456.2380952380952
2016-08-01,127.8999110144928,150.2154124223603,414.2173913043478
2016-09-01,123.2487561904762,148.5119017006803,384.0
2016-10-01,122.5585001666668,152.6174440476191,367.6666666666667
2016-11-01,122.5497977192982,151.3314157142857,360.8181818181818
2016-12-01,122.8463255555556,152.729924659864,367.5454545454546
2017-01-01,137.1457358333333,160.0121069642857,372.5454545454546
2017-02-01,147.3614421052632,162.9625359126985,368.5
2017-03-01,146.4314994202899,158.9791192546584,367.7826086956522
2017-04-01,138.4075907017544,156.5404520676692,374.5
2017-05-01,146.4402133333332,158.6002196428571,402.9130434782609
2017-06-01,157.2461916666666,157.9739071428571,444.6818181818182
2017-07-01,174.5324166666667,157.6106458928572,419.952380952381
2017-08-01,139.0508150724638,148.5434303571428,405.6521739130435
2017-09-01,138.4133923333333,147.3158578571429,413.1428571428572
2017-10-01,133.344516031746,148.7223767857143,407.2272727272727
2017-11-01,138.0459556666667,148.792165892857,404.0454545454546
2017-12-01,147.1032695,149.0874275,407.952380952381
2018-01-01,156.3880441269842,155.916875340136,422.3043478260869
2018-02-01,172.289119122807,163.4609697368421,417.85
2018-03-01,180.9188158730159,172.0765899659864,409.7727272727273
2018-04-01,180.3764093650793,175.6009824829932,432.3809523809524
2018-05-01,192.70383,179.1790589285714,433.2173913043478
2018-06-01,193.0792198412698,165.1402855442176,413.1428571428572
2018-07-01,196.8060774603175,156.5542654761905,378.6818181818182
2018-08-01,211.2920588405797,162.5222585403728,383.4347826086956
2018-09-01,191.144421754386,154.9450033834586,383.0
2018-10-01,188.4616066666666,160.3655650621117,392.0434782608696
2018-11-01,181.552390877193,160.8782076785714,390.8181818181818
2018-12-01,188.5358362962962,167.4898805555556,380.3333333333333
2019-01-01,188.8449496825397,166.8462414965987,383.7391304347826
2019-02-01,177.916701754386,169.6562834586467,390.55
2019-03-01,164.5066447619048,166.3213319727891,383.1428571428572
2019-04-01,159.0300887301588,161.6533865646259,397.4090909090909
2019-05-01,158.281695,171.1801535714285,390.3043478260869
2019-06-01,174.6977631666666,195.1679223214286,396.25
2019-07-01,163.8767533333334,189.4863732142856,395.9565217391304
2019-08-01,149.363005,163.6286142857145,414.6818181818182
2019-09-01,146.5704863333333,157.3744366071428,415.4285714285714
2019-10-01,153.22109,167.2977940993788,399.1304347826087
2019-11-01,157.5282642592593,166.3617855263158,394.5714285714286
2019-12-01,165.2546408333334,167.0590173214286,397.0
2020-01-01,178.2417773015873,171.8141352040817,428.5217391304348
2020-02-01,172.2311028070175,168.7445984962405,430.25
2020-03-01,170.8747516666666,162.1791482142857,471.6818181818182
2020-04-01,179.746517936508,147.0121602040815,542.8181818181819
2020-05-01,174.9549688333334,143.9892437500002,498.8571428571428
2020-06-01,169.7223366666666,148.0423803571428,503.0454545454546
2020-07-01,170.5741216666668,152.5876196428571,464.4782608695652
2020-08-01,174.182476984127,149.3929998299319,484.4285714285714
2020-09-01,204.1373138095238,166.6025335034014,491.9090909090909
2020-10-01,203.4263,186.7663875,458.8636363636364
2020-11-01,210.7539364912282,190.6250375939849,459.8571428571428
2020-12-01,217.3125428571429,199.1844175170068,499.3478260869565
2021-01-01,237.9442498245614,231.7544614661655,518.4761904761905
2021-02-01,240.8063880701754,245.5540565789474,535.75
2021-03-01,229.8875492753623,245.7603568322983,502.3478260869565
2021-04-01,239.9361433333333,268.6224488095237,470.2727272727273
2021-05-01,278.4470053968253,304.297549659864,477.1904761904762
2021-06-01,238.7670266666666,292.5237267857143,454.8636363636364
2021-07-01,243.628006984127,278.445755612245,414.8636363636364
2021-08-01,274.87603,257.020755357143,386.7727272727273
2021-09-01,269.7335073015873,235.8156035714281,387.0
2021-10-01,294.0368182539682,239.60245085034,388.9047619047619
2021-11-01,317.4373548133334,248.7677460714286,383.5454545454546
2021-12-01,324.0179005555556,264.5731467687075,383.5652173913044
2022-01-01,326.0816698333334,276.7191782142856,397.0
2022-02-01,347.5032275000001,292.6715930451127,410.0
2022-03-01,387.6650136971014,335.9306841614907,419.4347826086956
2022-04-01,406.0268863016667,348.5071169642857,415.7619047619048
2022-05-01,444.1565678174603,344.9092996031747,425.2727272727273
2022-06-01,397.6523199,335.7171340136054,434.1818181818182
2022-07-01,321.9751276587302,312.6820419642856,412.4761904761905
2022-08-01,323.0167687681159,293.9307903338509,411.0869565217391
2022-09-01,346.3221810714287,312.5461278911564,426.8181818181818
2022-10-01,353.7129071666667,343.5532833333333,416.0952380952381
2022-11-01,344.3298607283333,320.929682857143,416.3181818181818
2022-12-01,323.6548381349207,302.2354051020408,444.2272727272727
2023-01-01,320.0970451249999,302.8399883928572,480.6363636363636
2023-02-01,332.4120234368421,298.2453033834586,484.95
2023-03-01,309.4295998550725,284.9574049689442,453.5652173913044
2023-04-01,312.8108243719297,291.1797449248119,479.5
2023-05-01,299.44000625,268.1725263605443,491.7391304347826
2023-06-01,282.2767452825397,266.9352396258504,492.2727272727273
2023-07-01,278.6176009920635,235.2719472789116,512.2380952380952
2023-08-01,241.4138777536232,207.6758886645963,607.9565217391304
2023-09-01,229.390711,223.8476664285715,606.9047619047619
2023-10-01,216.4639391269841,221.90251875,574.4545454545455
2023-11-01,216.000269047619,209.0402968303571,555.4090909090909
2023-12-01,229.6334125877193,207.3979688909774,603.2380952380952
2024-01-01,226.0785319047619,198.7579285289115,629.0869565217391
2024-02-01,219.2380684633333,188.9477444642856,609.5238095238095
2024-03-01,211.8410172083334,190.2272114285714,601.7142857142857
2024-04-01,208.3816845,190.9000500000001,570.1363636363636
2024-05-01,227.4307704166667,201.0194705357142,600.5217391304348
2024-06-01,205.2260548983333,191.2409429464286,605.5
2024-07-01,183.2256341666667,177.7677084464286,567.0434782608696
2024-08-01,175.5104662666666,169.2967424107143,563.7727272727273
2024-09-01,188.5052165740741,183.6558276597744,555.0952380952381
2024-10-01,197.3719458333333,189.5879058618013,496.6086956521739
2024-11-01,185.7347870824562,201.3082701884922,487.4285714285714
2024-12-01,185.7943505,202.8299610267858,495.6818181818182
2025-01-01,190.6296420634921,214.3599267857142,459.7826086956522
2025-02-01,190.1026421105263,221.2545443139097,423.5
2025-03-01,179.6065420634921,207.7516908163266,417.0
2025-04-01,174.8167426587301,215.5690933673469,403.9090909090909
2025-05-01,196.8410714285714,204.8084481292517,396.4545454545454
2025-06-01,173.1947634816666,195.7190773214286,385.7142857142857
2025-07-01,165.2666224637681,192.4525892142857,367.5652173913044
2025-08-01,159.3079408380954,183.0247028911564,351.2380952380952
2025-09-01,155.1151385317461,196.1459412448979,349.1363636363636
2025-10-01,157.39233125,198.0176441964286,330.6086956521739
2025-11-01,169.2032881647058,201.6578882352942,336.0
2025-12-01,165.6266704583334,205.3150795535714,388.6956521739131
2026-01-01,169.2505145833334,203.8978238392856,384.5454545454546
2026-02-01,174.7524918912281,210.6354865131578,388.5
2026-03-01,193.8771220833334,213.3041428571428,383.2727272727273
2026-04-01,202.641496636508,214.5239610119047,385.9545454545454
2026-05-01,220.8845521666666,215.6206469812925,405.5714285714286
2026-06-01,199.6482875619048,195.7818789965986,444.0
2026-07-01,228.73884495,213.1901539821428,464.0
