date,commodity,Z,Z_heat,Z_sm,Z_pr
1990-01-01,maize,0.3338803533762898,0.2470198432385044,-0.1191336097277538,0.03227309958996832
1990-01-01,rice,0.0,0.0,0.0,0.0
1990-01-01,wheat,0.0,0.0,0.0,0.0
1990-02-01,maize,-0.6290710009753757,-0.26433458022470735,0.24646456570887468,0.11827185504179373
1990-02-01,rice,0.0,0.0,0.0,0.0
1990-02-01,wheat,0.0,0.0,0.0,0.0
1990-03-01,maize,0.3649467229748893,0.10920676183545736,-0.10506914769409854,-0.15067081344533337
1990-03-01,rice,0.0,0.0,0.0,0.0
1990-03-01,wheat,0.0,0.0,0.0,0.0
1990-04-01,maize,0.006704577639220768,0.002490931904911786,0.046626231570558604,-0.05083987730486759
1990-04-01,rice,0.0,0.0,0.0,0.0
1990-04-01,wheat,-0.6688478838695285,-0.162503562819925,0.3160132520953186,0.19033106895428487
1990-05-01,maize,-0.638662779229921,-0.19261740264830318,0.2616928094591995,0.18435256712241832
1990-05-01,rice,0.0,0.0,0.0,0.0
1990-05-01,wheat,-0.14564539203172494,-0.263180358992783,-0.00033508661178904137,-0.11719988034926904
1990-06-01,maize,-1.009630356068299,0.1472361915069086,0.5956956399791401,0.5611709075960675
1990-06-01,rice,0.2287309498719176,0.1271050721888508,-0.0351375538542524,-0.06648832382881441
1990-06-01,wheat,0.22731556567884648,0.307754215013189,0.05635620806188359,0.02408244127245886
1990-07-01,maize,-0.5605879554968646,-0.017485676386825234,0.3793383383912473,0.16376394071879208
1990-07-01,rice,0.840194650394877,-0.22233622700277847,-0.6841890456282276,-0.37834183176942787
1990-07-01,wheat,-0.39489639366099577,-0.27431479424110244,0.04431450740671207,0.07626709201318124
1990-08-01,maize,-1.1054674539892566,-0.06691007637558445,0.8139022391581605,0.22465513845551147
1990-08-01,rice,1.6846294358496978,0.2296911838927285,-1.0346713164335095,-0.42026693552345984
1990-08-01,wheat,-0.05753380514388723,-0.04428253838611118,0.04264837168411312,-0.029397104926337174
1990-09-01,maize,0.0,0.0,0.0,0.0
1990-09-01,rice,0.35964301588864456,-0.3346693088361394,-0.50838077180387,-0.18593155292091404
1990-09-01,wheat,0.018730801161322884,-0.08997036528565876,0.03764995266738469,-0.14635111911436632
1990-10-01,maize,0.0,0.0,0.0,0.0
1990-10-01,rice,-1.2423961680968485,-0.5346702233023704,0.23862775038973663,0.46909819440474143
1990-10-01,wheat,-0.23092782650137245,-0.07479949677069299,0.06693038865415431,0.08919794107652515
1990-11-01,maize,0.0,0.0,0.0,0.0
1990-11-01,rice,0.0,0.0,0.0,0.0
1990-11-01,wheat,-0.21583326074146214,-0.01487558078517605,0.12226578118021049,0.07869189877607559
1990-12-01,maize,-0.46163706822942147,-0.16666282347050493,0.23480034372888223,0.06017390103003429
1990-12-01,rice,0.0,0.0,0.0,0.0
1990-12-01,wheat,0.0,0.0,0.0,0.0
1991-01-01,maize,-0.4929302680836257,-0.2196412847039299,0.15611862025174297,0.11717036312795284
1991-01-01,rice,0.0,0.0,0.0,0.0
1991-01-01,wheat,0.0,0.0,0.0,0.0
1991-02-01,maize,0.20686850301452558,-0.06867803365700116,-0.11180483479534259,-0.16374170187618411
1991-02-01,rice,0.0,0.0,0.0,0.0
1991-02-01,wheat,0.0,0.0,0.0,0.0
1991-03-01,maize,-0.5564609918334819,-0.15862964578563607,0.15030899789196725,0.24752234815587856
1991-03-01,rice,0.0,0.0,0.0,0.0
1991-03-01,wheat,0.0,0.0,0.0,0.0
1991-04-01,maize,-0.2839307835798637,-0.12952608055290993,0.13096812188886978,0.02343658113808397
1991-04-01,rice,0.0,0.0,0.0,0.0
1991-04-01,wheat,0.04742103135614002,-0.11122048221209158,-0.01558156157236682,-0.1430599519958648
1991-05-01,maize,-0.1776461762387785,-0.14082853509571486,0.14660391926615832,-0.10978627812309466
1991-05-01,rice,0.0,0.0,0.0,0.0
1991-05-01,wheat,-0.8246594376941331,-0.2275405117360189,0.4767242799343237,0.12039464602379045
1991-06-01,maize,1.4322552296460698,0.23909642359813837,-0.32189406160297956,-0.8712647444449518
1991-06-01,rice,-0.104212924397394,-0.04871382661301885,0.11890767367949788,-0.06340857589512275
1991-06-01,wheat,-0.8536672173288623,-0.17339111289055106,0.2506097257275063,0.42966637871080493
1991-07-01,maize,1.575612721028631,0.3397122131702875,-0.7543397866676769,-0.48156072119066645
1991-07-01,rice,0.9513445363630719,0.12266019619084256,-0.41547960310871485,-0.41320473706351446
1991-07-01,wheat,0.22422334425337456,-0.08632385349302563,-0.10122393566805439,-0.20932326207834578
1991-08-01,maize,1.7371648356648934,0.40699757551823845,-0.7043719427699914,-0.6257953173766638
1991-08-01,rice,-2.0068384982141847,-1.0195003001337497,0.2173051663286381,0.7700330317517972
1991-08-01,wheat,0.6923744350668808,0.1393910879545523,-0.2766591086039244,-0.27632423850840404
1991-09-01,maize,0.0,0.0,0.0,0.0
1991-09-01,rice,-0.7326645650851344,-0.6329064029160218,0.3947238308750592,-0.29496566870594665
1991-09-01,wheat,-0.13729889910835846,-0.11929535735563734,0.07432689452659325,-0.056323352773872126
1991-10-01,maize,0.0,0.0,0.0,0.0
1991-10-01,rice,-1.0497429612230116,-0.8095296068859228,0.4421647995301343,-0.20195144519304564
1991-10-01,wheat,0.4398308635720322,0.05746056354545704,-0.15455749393541293,-0.2278128060911623
1991-11-01,maize,0.0,0.0,0.0,0.0
1991-11-01,rice,0.0,0.0,0.0,0.0
1991-11-01,wheat,-0.053305479489174856,-0.055049939268414554,0.04749774658993701,-0.0492422063691767
1991-12-01,maize,-0.7234316486739365,-0.19621573871491238,0.27983409582299995,0.24738181413602417
1991-12-01,rice,0.0,0.0,0.0,0.0
1991-12-01,wheat,0.0,0.0,0.0,0.0
1992-01-01,maize,0.15127653744374486,-0.09046435432536393,-0.06196872207274899,-0.1797721696963598
1992-01-01,rice,0.0,0.0,0.0,0.0
1992-01-01,wheat,0.0,0.0,0.0,0.0
1992-02-01,maize,0.27356791340402636,0.1234945189561357,-0.06910416300446422,-0.08096923144342641
1992-02-01,rice,0.0,0.0,0.0,0.0
1992-02-01,wheat,0.0,0.0,0.0,0.0
1992-03-01,maize,-0.18267358922960572,-0.13865737561193908,0.03779169932084249,0.006224514296824127
1992-03-01,rice,0.0,0.0,0.0,0.0
1992-03-01,wheat,0.0,0.0,0.0,0.0
1992-04-01,maize,-0.49718138159277203,-0.12990508176529963,0.16237298580361637,0.20490331402385603
1992-04-01,rice,0.0,0.0,0.0,0.0
1992-04-01,wheat,-0.06194644143626411,-0.10580677969160486,0.13560440267164636,-0.1794647409269871
1992-05-01,maize,-0.38394513398365365,0.01429885183346145,0.1816719710177382,0.21657201479937688
1992-05-01,rice,0.0,0.0,0.0,0.0
1992-05-01,wheat,0.45177825127282856,-0.1304472240823437,-0.26438765673573994,-0.3178378186194323
1992-06-01,maize,0.2714585398928625,-0.8551441819268626,-0.3903454678929244,-0.7362572539268007
1992-06-01,rice,-0.5025481902352861,-0.10041968953393496,0.12302188676457264,0.2791066139367785
1992-06-01,wheat,-1.4425186454782788,-0.59682586865835,0.3918478966335368,0.4538448801863921
1992-07-01,maize,-3.633256694248041,-0.7657341906786108,1.192683824535224,1.674838679034206
1992-07-01,rice,0.42212271351413433,-0.24723788828342885,-0.3846708447382855,-0.2846897570592777
1992-07-01,wheat,-1.0745224842708487,-0.44148931772424793,0.4238206679554536,0.20921249859114727
1992-08-01,maize,-1.1829376768528386,-0.8573317064901882,0.8341243996289542,-0.5085184292663039
1992-08-01,rice,-3.560868119653992,-1.3197314040389663,1.102635792849583,1.138500922765443
1992-08-01,wheat,-0.9837930350617115,-0.2961696165143944,0.29697825659376115,0.3906451619535559
1992-09-01,maize,0.0,0.0,0.0,0.0
1992-09-01,rice,0.2941108278552689,-0.5555697878533916,-0.3212030387092393,-0.5284775769994212
1992-09-01,wheat,-0.831541764631888,-0.25567206358969463,0.38911898830540537,0.18675071273678803
1992-10-01,maize,0.0,0.0,0.0,0.0
1992-10-01,rice,-1.0334972055322424,-0.9847643633782865,0.13471878240478605,-0.08598594025083026
1992-10-01,wheat,-0.6302590339861559,-0.18897702597538604,0.2919853087883126,0.14929669922245728
1992-11-01,maize,0.0,0.0,0.0,0.0
1992-11-01,rice,0.0,0.0,0.0,0.0
1992-11-01,wheat,-0.19201635049729493,-0.11534005005863035,0.05626700349276997,0.02040929694589463
1992-12-01,maize,-0.40487416575903556,-0.15991271127059684,0.13070678160683213,0.11425467288160657
1992-12-01,rice,0.0,0.0,0.0,0.0
1992-12-01,wheat,0.0,0.0,0.0,0.0
1993-01-01,maize,-0.26662714831744844,-0.031896206200119195,0.16578268234813476,0.0689482597691945
1993-01-01,rice,0.0,0.0,0.0,0.0
1993-01-01,wheat,0.0,0.0,0.0,0.0
1993-02-01,maize,-0.05468972977210507,-0.18235110564280937,0.01819951950395855,-0.14586089537466285
1993-02-01,rice,0.0,0.0,0.0,0.0
1993-02-01,wheat,0.0,0.0,0.0,0.0
1993-03-01,maize,0.45802578022855084,0.07391972858670347,-0.17899655659473745,-0.20510949504710993
1993-03-01,rice,0.0,0.0,0.0,0.0
1993-03-01,wheat,0.0,0.0,0.0,0.0
1993-04-01,maize,0.015779669644484063,-0.01251635700418516,0.04976766280677513,-0.07806368945544435
1993-04-01,rice,0.0,0.0,0.0,0.0
1993-04-01,wheat,-0.5933449022976343,-0.1181571658695957,0.3675197762232786,0.10766796020476008
1993-05-01,maize,-0.038993865457782766,-0.062309653065221966,-0.005100415249562821,-0.01821537235787638
1993-05-01,rice,0.0,0.0,0.0,0.0
1993-05-01,wheat,-0.6143377321893141,-0.35482301384642967,0.21534041578099844,0.04417430256188605
1993-06-01,maize,-2.756826002392872,-0.7320961216529733,0.9895863082403827,1.035143572499516
1993-06-01,rice,-0.14700058454027795,-0.05799062594597323,0.08360585706780076,0.0054041015265039495
1993-06-01,wheat,-1.776327605045739,-0.6100715749178347,0.598312820514381,0.5679432096135234
1993-07-01,maize,-3.9885549953915342,-0.38847615882494585,1.602528154599681,1.9975506819669069
1993-07-01,rice,1.4096441612580688,0.513779034301795,-0.5325698182603318,-0.3632953086959423
1993-07-01,wheat,-2.581106925707769,-0.42517691248855943,1.0870921701642922,1.068837843054917
1993-08-01,maize,-1.9045235742099436,0.05493270564847647,1.1928660145678622,0.766590265290558
1993-08-01,rice,2.080506169412119,0.013312490665992147,-1.394248508952263,-0.6729451697938641
1993-08-01,wheat,-1.4779868783492476,-0.43417553546889875,0.6473533845501638,0.39645795833018493
1993-09-01,maize,0.0,0.0,0.0,0.0
1993-09-01,rice,-1.8070698215081333,-0.880740473640703,0.6378737330681671,0.2884556147992633
1993-09-01,wheat,-0.42202296151144153,-0.23872258033061292,0.1423746984892389,0.04092568269158974
1993-10-01,maize,0.0,0.0,0.0,0.0
1993-10-01,rice,-0.40300730167232374,-0.5004637061250694,-0.09455582788852851,-0.0029005765642171055
1993-10-01,wheat,-0.6525972712899598,-0.13238192705223606,0.2241733970491237,0.2960419471886001
1993-11-01,maize,0.0,0.0,0.0,0.0
1993-11-01,rice,0.0,0.0,0.0,0.0
1993-11-01,wheat,-0.4219764736338323,-0.09227209870633246,0.16408157218756714,0.16562280273993263
1993-12-01,maize,-0.32942366819337165,-0.14300107996959008,0.16292836719120413,0.02349422103257747
1993-12-01,rice,0.0,0.0,0.0,0.0
1993-12-01,wheat,0.0,0.0,0.0,0.0
1994-01-01,maize,0.011360509735913932,-0.11968383152698095,-0.038331734795556516,-0.09271260646733834
1994-01-01,rice,0.0,0.0,0.0,0.0
1994-01-01,wheat,0.0,0.0,0.0,0.0
1994-02-01,maize,-0.1412141451414708,-0.2052822905155713,-0.015548501319186253,-0.048519644054914254
1994-02-01,rice,0.0,0.0,0.0,0.0
1994-02-01,wheat,0.0,0.0,0.0,0.0
1994-03-01,maize,-0.32151214392597455,-0.14313666416908782,0.08184829189087278,0.09652718786601394
1994-03-01,rice,0.0,0.0,0.0,0.0
1994-03-01,wheat,0.0,0.0,0.0,0.0
1994-04-01,maize,-0.19844943270052637,-0.09178822404719446,0.12737870926096417,-0.02071750060763226
1994-04-01,rice,0.0,0.0,0.0,0.0
1994-04-01,wheat,-0.5307295421763776,-0.11147703549199904,0.05176841159092013,0.3674840950934584
1994-05-01,maize,-0.08922167298069747,-0.0016010024801239378,0.039469743726793224,0.048150926773780314
1994-05-01,rice,0.0,0.0,0.0,0.0
1994-05-01,wheat,-0.48893039384765186,-0.28371283925875984,0.23731162695817679,-0.032094072369284764
1994-06-01,maize,1.3809981388375907,0.6504354595754551,-0.6439854139561021,-0.08657726530603366
1994-06-01,rice,-0.16331026505363438,0.012772699529518273,0.12872586511880396,0.0473570994643487
1994-06-01,wheat,0.17085097456873582,-0.1262672027320639,0.05285393442565073,-0.3499721117264504
1994-07-01,maize,-1.0714033044139524,-0.5975611107947653,0.43891841055010516,0.03492378306908195
1994-07-01,rice,-2.8401714363015436,-1.673122081930323,1.1147012726572767,0.05234808171394406
1994-07-01,wheat,-0.1278725707299534,-0.31684393718753173,-0.010097244282142023,-0.17887412217543636
1994-08-01,maize,-0.6769237583030845,-0.46657632017810846,0.19115907262156037,0.019188365503415652
1994-08-01,rice,-2.1320684837891495,-1.3381364321882625,0.30185659605358184,0.49207545554730536
1994-08-01,wheat,0.3158496340219462,-0.0915905473535589,-0.19934680976962926,-0.20809337160587585
1994-09-01,maize,0.0,0.0,0.0,0.0
1994-09-01,rice,-1.8853060644156632,-1.0284757996595424,0.4805569415572883,0.3762733231988328
1994-09-01,wheat,0.39315556628362974,-0.008455357200244595,-0.14902273630500082,-0.25258818717887355
1994-10-01,maize,0.0,0.0,0.0,0.0
1994-10-01,rice,0.4904040351406021,-0.36241315044591155,-0.1863663104776212,-0.6664508751088924
1994-10-01,wheat,0.100065253860462,-0.08038492537470109,-0.06748277452394062,-0.11296740471122244
1994-11-01,maize,0.0,0.0,0.0,0.0
1994-11-01,rice,0.0,0.0,0.0,0.0
1994-11-01,wheat,0.0859913898606091,-0.04700743472644306,-0.049317416072483085,-0.08368140851456907
1994-12-01,maize,0.3700412890690945,0.24641008692273772,-0.02558395097694794,-0.0980472511694088
1994-12-01,rice,0.0,0.0,0.0,0.0
1994-12-01,wheat,0.0,0.0,0.0,0.0
1995-01-01,maize,-0.05477724627263628,-0.10033715983775632,-0.04447542565967558,-0.0010844879054444402
1995-01-01,rice,0.0,0.0,0.0,0.0
1995-01-01,wheat,0.0,0.0,0.0,0.0
1995-02-01,maize,0.13911984995894522,-0.14813391541301102,-0.17585420906842908,-0.11139955630352713
1995-02-01,rice,0.0,0.0,0.0,0.0
1995-02-01,wheat,0.0,0.0,0.0,0.0
1995-03-01,maize,-0.0715246216674825,-0.04567142190475011,0.067066360964625,-0.041213161201892626
1995-03-01,rice,0.0,0.0,0.0,0.0
1995-03-01,wheat,0.0,0.0,0.0,0.0
1995-04-01,maize,-0.4057648880033984,-0.1315696408279428,0.15972115301374332,0.11447409416171223
1995-04-01,rice,0.0,0.0,0.0,0.0
1995-04-01,wheat,-0.494324946293583,-0.14214911044867615,0.2821865943686571,0.06998924147624973
1995-05-01,maize,-0.463174066628701,-0.19006720981809236,0.22503972696740346,0.048067129843205186
1995-05-01,rice,0.0,0.0,0.0,0.0
1995-05-01,wheat,-1.2034322651985783,-0.29459036666494665,0.5334916370171053,0.3753502615165262
1995-06-01,maize,-0.3487055843104235,-0.5134830434127187,0.3083555258253408,-0.4731329849276361
1995-06-01,rice,-0.030116674415757053,-0.12671657144654122,-0.004647843364876713,-0.09195205366590745
1995-06-01,wheat,-0.025744857539398702,-0.004397121874848021,0.10458331297890751,-0.08323557731435677
1995-07-01,maize,0.3835204128259785,0.18658730708206636,0.21545745784208342,-0.4123905635859956
1995-07-01,rice,-1.1101117849114006,-0.21323656108409123,0.3926353780010208,0.5042398458262883
1995-07-01,wheat,-0.27083690979160574,-0.2525276233583313,0.04703964482787646,-0.02873035839460199
1995-08-01,maize,0.38339383490803536,1.0952283884025595,0.342053458653479,0.3697810948410454
1995-08-01,rice,-1.9863130362066144,-0.6602739675615013,0.7861583247041617,0.5398807439409516
1995-08-01,wheat,0.16680512760318045,0.3373321713167844,0.06115262345055901,0.10937442026304475
1995-09-01,maize,0.0,0.0,0.0,0.0
1995-09-01,rice,-1.6228963837154964,-0.6048364167797431,0.6478853202979411,0.3701746466378122
1995-09-01,wheat,0.07050855863805089,-0.05590176418580624,-0.10269058897111201,-0.023719733852745076
1995-10-01,maize,0.0,0.0,0.0,0.0
1995-10-01,rice,-0.37987492889978863,-0.19207692414705912,0.18377086782449792,0.004027136928231437
1995-10-01,wheat,0.10349134777635734,0.07313605594392641,-0.014280224865788768,-0.016075066966642168
1995-11-01,maize,0.0,0.0,0.0,0.0
1995-11-01,rice,0.0,0.0,0.0,0.0
1995-11-01,wheat,0.056827738302589456,0.061623573331507905,-0.026924979486090638,0.031720814515009084
1995-12-01,maize,0.5135704371577057,0.2058845358851783,-0.16359791238841548,-0.1440879888841119
1995-12-01,rice,0.0,0.0,0.0,0.0
1995-12-01,wheat,0.0,0.0,0.0,0.0
1996-01-01,maize,-0.04405188497772538,-0.05438928243800313,-0.030271218129887277,0.01993382066960952
1996-01-01,rice,0.0,0.0,0.0,0.0
1996-01-01,wheat,0.0,0.0,0.0,0.0
1996-02-01,maize,-0.31349821616086004,-0.12027282369720523,0.09093753772995769,0.10228785473369714
1996-02-01,rice,0.0,0.0,0.0,0.0
1996-02-01,wheat,0.0,0.0,0.0,0.0
1996-03-01,maize,-0.3502942722637393,-0.1315775421438113,0.17539443294102003,0.04332229717890803
1996-03-01,rice,0.0,0.0,0.0,0.0
1996-03-01,wheat,0.0,0.0,0.0,0.0
1996-04-01,maize,-0.15448105418405747,-0.04406831585103978,0.0891928771865115,0.02121986114650619
1996-04-01,rice,0.0,0.0,0.0,0.0
1996-04-01,wheat,0.9438108432385304,0.07195277359970152,-0.4550073980536809,-0.416850671585148
1996-05-01,maize,-0.34643926360276683,-0.18531000348005916,0.15564940461149585,0.005479855511211775
1996-05-01,rice,0.0,0.0,0.0,0.0
1996-05-01,wheat,0.44348510368370564,0.35161608564841906,-0.06433484184861923,-0.027534176186667328
1996-06-01,maize,-1.0935098914722048,-0.243304349946288,0.7933996142008443,0.056805927325072565
1996-06-01,rice,-0.20224632442129717,-0.07911937978851061,0.11520632292172746,0.00792062171105911
1996-06-01,wheat,0.4343504502597458,-0.15356337873765294,-0.1334659927204605,-0.45444783627693824
1996-07-01,maize,-0.48203419141213955,-0.5360413413451749,0.0911513197259865,-0.1451584696590218
1996-07-01,rice,0.5207453077788939,-0.2606742921768383,-0.17217593804199774,-0.6092436619137346
1996-07-01,wheat,0.27750987874128535,-0.0850934888191806,-0.1349102987308894,-0.22769306882957652
1996-08-01,maize,-1.043437236966573,-0.7955409770386248,0.685496425775496,-0.4376001658475475
1996-08-01,rice,-0.4239981070265384,-0.5721292428878977,-0.049875509466502266,-0.09825562639485713
1996-08-01,wheat,-0.028797259310677337,-0.08647582331696745,0.10157995520837437,-0.15925851921466438
1996-09-01,maize,0.0,0.0,0.0,0.0
1996-09-01,rice,-2.136845756902525,-0.7897281120347538,0.5542281685544641,0.7928894763133075
1996-09-01,wheat,-0.20558624408217802,-0.07301831044919113,0.05786341392977333,0.07470451970321354
1996-10-01,maize,0.0,0.0,0.0,0.0
1996-10-01,rice,-0.9483852093267522,-0.4328794157410165,0.3055307382997787,0.20997505528595697
1996-10-01,wheat,-0.07030465855355413,-0.05870928613761202,0.0921693274114732,-0.08057395499553112
1996-11-01,maize,0.0,0.0,0.0,0.0
1996-11-01,rice,0.0,0.0,0.0,0.0
1996-11-01,wheat,0.0510149832816585,0.05951881172979701,-0.0038849583617429225,0.012388786809881432
1996-12-01,maize,-0.18418440443684986,-0.0314800359706606,0.11523489081234976,0.0374694776538395
1996-12-01,rice,0.0,0.0,0.0,0.0
1996-12-01,wheat,0.0,0.0,0.0,0.0
1997-01-01,maize,0.022631379883335412,0.06135151232422014,0.05340261534820239,-0.014682482907317673
1997-01-01,rice,0.0,0.0,0.0,0.0
1997-01-01,wheat,0.0,0.0,0.0,0.0
1997-02-01,maize,0.06624762549981619,-0.09369250826094115,-0.04890612434360625,-0.11103400941715111
1997-02-01,rice,0.0,0.0,0.0,0.0
1997-02-01,wheat,0.0,0.0,0.0,0.0
1997-03-01,maize,-0.2619830576051721,-0.1297707622000881,0.03782587239531373,0.09438642300977024
1997-03-01,rice,0.0,0.0,0.0,0.0
1997-03-01,wheat,0.0,0.0,0.0,0.0
1997-04-01,maize,-0.22122013962196474,-0.13987785171673028,0.079449590667339,0.0018926972378954725
1997-04-01,rice,0.0,0.0,0.0,0.0
1997-04-01,wheat,-0.35843474773558653,-0.1723548125990909,0.030009076801069567,0.156070858335426
1997-05-01,maize,-0.3084606577195236,-0.16565532700872518,0.12422810283269167,0.018577227878106763
1997-05-01,rice,0.0,0.0,0.0,0.0
1997-05-01,wheat,-0.3359708606842196,-0.3443586786084978,0.052596730228669716,-0.060984548152947876
1997-06-01,maize,-0.847711973226856,-0.5811324373296322,0.33942629507297334,-0.07284675917574954
1997-06-01,rice,-0.45370681158815085,-0.12402734828667827,0.1975011743110492,0.1321782889904234
1997-06-01,wheat,-1.343429061951697,-0.5814149784077735,0.24393737554604347,0.5180767079978801
1997-07-01,maize,-0.21677227619561226,-0.20173639486409117,0.3126237735544131,-0.29758789222289206
1997-07-01,rice,-1.1763393217547535,-0.47031434899608326,0.2234220939683202,0.48260287879035013
1997-07-01,wheat,-0.9882450994483325,-0.38434823923789174,0.4108810205848312,0.19301583962560948
1997-08-01,maize,-1.7027034393662621,-0.7362227010791241,0.7162305390884854,0.25025019919865227
1997-08-01,rice,-0.8414763061522909,-0.46416578128279645,0.006889714073256378,0.37042081079623806
1997-08-01,wheat,-0.10783860423170155,-0.22028035510049448,-0.07194851423966148,-0.04049323662913146
1997-09-01,maize,0.0,0.0,0.0,0.0
1997-09-01,rice,1.4003973910432579,0.1109368584130094,-0.5339716367378825,-0.755488895892366
1997-09-01,wheat,-0.5425160632474064,-0.18626047319301658,0.17342274341338326,0.18283284664100669
1997-10-01,maize,0.0,0.0,0.0,0.0
1997-10-01,rice,0.4035632562760843,0.357835189058213,0.02705179580701326,-0.07277986302488457
1997-10-01,wheat,-0.21562036263521722,-0.08011229479873702,0.07609947456246069,0.059408593274019504
1997-11-01,maize,0.0,0.0,0.0,0.0
1997-11-01,rice,0.0,0.0,0.0,0.0
1997-11-01,wheat,-0.21207379631997397,-0.08615386071853574,0.10776928268917928,0.018150652912258966
1997-12-01,maize,-0.6811609763953014,-0.13236337650559282,0.253515759731241,0.2952818401584676
1997-12-01,rice,0.0,0.0,0.0,0.0
1997-12-01,wheat,0.0,0.0,0.0,0.0
1998-01-01,maize,-0.856506461866752,-0.26000531263208804,0.334802495747668,0.2616986534869959
1998-01-01,rice,0.0,0.0,0.0,0.0
1998-01-01,wheat,0.0,0.0,0.0,0.0
1998-02-01,maize,-0.5494894623834558,-0.2502895539911372,0.23222194033140617,0.06697796806091244
1998-02-01,rice,0.0,0.0,0.0,0.0
1998-02-01,wheat,0.0,0.0,0.0,0.0
1998-03-01,maize,0.08559489884455722,0.11111160767043646,0.0879478998815207,-0.062431191055641454
1998-03-01,rice,0.0,0.0,0.0,0.0
1998-03-01,wheat,0.0,0.0,0.0,0.0
1998-04-01,maize,0.139641455530427,0.16748892198642432,0.020440302054703305,0.007407164401294022
1998-04-01,rice,0.0,0.0,0.0,0.0
1998-04-01,wheat,-0.6355905345518523,-0.0901412572965593,0.27555810350961796,0.2698911737456751
1998-05-01,maize,-0.014696302008503036,0.051755938687599735,0.0840849395698758,-0.017632698873773018
1998-05-01,rice,0.0,0.0,0.0,0.0
1998-05-01,wheat,0.7914885632653516,0.004021848089679803,-0.24653758713386692,-0.5409291280418048
1998-06-01,maize,-1.273272964034517,0.3240362912495343,0.6871747344400201,0.9101345208440312
1998-06-01,rice,0.37317589480742047,0.1874775162551046,-0.027424477533715224,-0.15827390101860067
1998-06-01,wheat,0.4002507740712444,0.40329987724100524,-0.027576261363764037,0.03062536453352507
1998-07-01,maize,-0.9280142405879768,-0.33800778515890645,0.49294874413299,0.09705771129608029
1998-07-01,rice,1.9818506017477169,1.0511131938744869,-0.3440672195816339,-0.586670188291596
1998-07-01,wheat,0.322285032207494,0.16762049087264413,0.009895842171325761,-0.16456038350617558
1998-08-01,maize,-0.6105762572647515,-0.34071818252700325,0.4006574414009799,-0.13079936666323158
1998-08-01,rice,1.6284438406900104,1.1407001937403298,-0.384521945650913,-0.10322170129876737
1998-08-01,wheat,-0.1490188862796723,0.03497910111971761,0.14940351144950992,0.03459447594988013
1998-09-01,maize,0.0,0.0,0.0,0.0
1998-09-01,rice,-0.21470138426902147,-0.27152871722928895,-0.060097568591566244,0.0032702356312987804
1998-09-01,wheat,-0.430633557188111,-0.06209617082948114,0.17092344158833572,0.19761394477029418
1998-10-01,maize,0.0,0.0,0.0,0.0
1998-10-01,rice,0.4113086936459078,-0.06735933335445242,0.014419573428696375,-0.49308760042905664
1998-10-01,wheat,0.0006790680137811755,-0.08658929509723937,0.030072501631119825,-0.11734086474214038
1998-11-01,maize,0.0,0.0,0.0,0.0
1998-11-01,rice,0.0,0.0,0.0,0.0
1998-11-01,wheat,-0.02723638173180596,-0.03532758537721342,0.0105557411704723,-0.01864694481587976
1998-12-01,maize,-0.08633864787399176,-0.09315620657999997,0.012505771084337501,-0.019323329790345713
1998-12-01,rice,0.0,0.0,0.0,0.0
1998-12-01,wheat,0.0,0.0,0.0,0.0
1999-01-01,maize,-0.21301058583697519,-0.2614876364594064,0.03633371191263201,-0.08481076253506328
1999-01-01,rice,0.0,0.0,0.0,0.0
1999-01-01,wheat,0.0,0.0,0.0,0.0
1999-02-01,maize,0.17451118806499075,0.07851068004078701,0.010737009898450276,-0.10673751792265401
1999-02-01,rice,0.0,0.0,0.0,0.0
1999-02-01,wheat,0.0,0.0,0.0,0.0
1999-03-01,maize,-0.08210988298467076,-0.030793278708864974,0.07264088033374567,-0.0213242760579399
1999-03-01,rice,0.0,0.0,0.0,0.0
1999-03-01,wheat,0.0,0.0,0.0,0.0
1999-04-01,maize,0.29457465194798504,0.04838116579936416,-0.083542126886068,-0.16265135926255286
1999-04-01,rice,0.0,0.0,0.0,0.0
1999-04-01,wheat,-1.124705458364665,-0.09997565030425996,0.5059587026891954,0.5187711053712095
1999-05-01,maize,0.13061947236997898,-0.0554839143640529,-0.06701988947726283,-0.11908349725676907
1999-05-01,rice,0.0,0.0,0.0,0.0
1999-05-01,wheat,-0.8591548139261905,-0.29433354743832624,0.4277484419098454,0.1370728245780188
1999-06-01,maize,-1.028435496371479,-0.5862408207954724,0.2880113824605166,0.15418329311549
1999-06-01,rice,-0.2664198126397429,-0.11116347474080304,0.05395577770552477,0.10130056019341507
1999-06-01,wheat,-0.9181376315138733,-0.5949741502788047,0.2517785228203381,0.07138495841473047
1999-07-01,maize,0.8535038080437286,0.6678046112569952,-0.06907822609834685,-0.11662097068838645
1999-07-01,rice,-0.29178694522015625,-0.3263368184109703,0.027377246520666185,-0.06192711971148025
1999-07-01,wheat,-0.042197267502346966,0.08140145719881098,0.07504313249206047,0.04855559220909742
1999-08-01,maize,0.9902501741872071,-0.21772476093318532,-0.5635184875466578,-0.6444564475737345
1999-08-01,rice,1.4795198231711757,-0.19377779418073976,-0.46203383813378424,-1.2112637792181313
1999-08-01,wheat,-0.20850863911939294,-0.0959568706356771,0.06458974743506822,0.04796202104864758
1999-09-01,maize,0.0,0.0,0.0,0.0
1999-09-01,rice,0.8174426875192085,-0.03538193188165095,-0.49262266005963407,-0.3602019593412253
1999-09-01,wheat,-0.11595937152785617,-0.026919846420386147,0.09065653042958464,-0.0016170053221146227
1999-10-01,maize,0.0,0.0,0.0,0.0
1999-10-01,rice,-1.0021019995761953,-0.3623130920625245,0.4254021661888074,0.21438674132486335
1999-10-01,wheat,-0.39404231040690063,-0.10513994774317449,0.10948886412001543,0.1794134985437107
1999-11-01,maize,0.0,0.0,0.0,0.0
1999-11-01,rice,0.0,0.0,0.0,0.0
1999-11-01,wheat,0.13250370984897725,0.007128722088517963,-0.038015930075924353,-0.08735905768453492
1999-12-01,maize,-0.0749791356496325,-0.0265735165955555,0.029136461309707373,0.01926915774436963
1999-12-01,rice,0.0,0.0,0.0,0.0
1999-12-01,wheat,0.0,0.0,0.0,0.0
2000-01-01,maize,0.07184906859038803,-0.026204004156866474,0.02105377831318174,-0.11910685106043625
2000-01-01,rice,0.0,0.0,0.0,0.0
2000-01-01,wheat,0.0,0.0,0.0,0.0
2000-02-01,maize,-0.10749046559107586,-0.006412093712599497,0.041300287424015536,0.05977808445446084
2000-02-01,rice,0.0,0.0,0.0,0.0
2000-02-01,wheat,0.0,0.0,0.0,0.0
2000-03-01,maize,-0.3527601620536643,-0.14248663637532838,0.1179052849107675,0.09236824076756842
2000-03-01,rice,0.0,0.0,0.0,0.0
2000-03-01,wheat,0.0,0.0,0.0,0.0
2000-04-01,maize,0.17861512556369866,-0.01819462577409006,-0.06964804359941239,-0.12716170773837632
2000-04-01,rice,0.0,0.0,0.0,0.0
2000-04-01,wheat,-0.20951382443775252,-0.08407460042730093,0.16079926467674424,-0.03536004066629267
2000-05-01,maize,0.44487863761530255,0.04446963405687455,-0.1981540533836271,-0.20225495017480094
2000-05-01,rice,0.0,0.0,0.0,0.0
2000-05-01,wheat,0.5333734179656462,0.26794418049944974,-0.02011259115408305,-0.24531664631211347
2000-06-01,maize,-1.4788796199306422,-0.5431380385540548,0.34805284842364703,0.5876887329529401
2000-06-01,rice,-0.25399836148378996,-0.1125099530837616,0.08208395133493142,0.059404457065096936
2000-06-01,wheat,-0.8464604511111117,-0.35684206824365966,0.27500700097442693,0.21461138189302503
2000-07-01,maize,-1.209640707854069,-0.5089182166009284,0.6351370049621249,0.06558548629101575
2000-07-01,rice,-1.5890704050679634,-0.7752799212854279,0.765362153035405,0.048428330747130655
2000-07-01,wheat,-0.3677933561824242,0.03351390879754814,0.2633479494435639,0.13795931553640847
2000-08-01,maize,0.8658594016416296,0.6943706564551926,0.325084069172449,-0.49657281435888595
2000-08-01,rice,1.0559345120433727,0.4136887260928635,-0.43372483911911175,-0.20852094683139757
2000-08-01,wheat,-0.09262842224277767,-0.05184459225283274,0.0297039321086858,0.011079897881259126
2000-09-01,maize,0.0,0.0,0.0,0.0
2000-09-01,rice,1.3246881928698542,-0.17951261801952517,-0.715915620644639,-0.7882851902447403
2000-09-01,wheat,0.2467782676901045,0.20632865373180423,0.057971494851121685,-0.0984211088094219
2000-10-01,maize,0.0,0.0,0.0,0.0
2000-10-01,rice,-1.4887072036393338,-0.4200209096909589,0.4855712964587383,0.5831149974896366
2000-10-01,wheat,-0.5710786738950936,-0.1904683500690359,0.17995283220431685,0.2006574916217409
2000-11-01,maize,0.0,0.0,0.0,0.0
2000-11-01,rice,0.0,0.0,0.0,0.0
2000-11-01,wheat,-0.21383869216743315,-0.1131839669657767,0.103272780757454,-0.00261805555579755
2000-12-01,maize,-0.022229211233802566,-0.07986754621801023,0.03211691179475906,-0.08975524677896672
2000-12-01,rice,0.0,0.0,0.0,0.0
2000-12-01,wheat,0.0,0.0,0.0,0.0
2001-01-01,maize,-0.266994769424016,-0.011688355027014811,0.11780156078708798,0.1375048536099132
2001-01-01,rice,0.0,0.0,0.0,0.0
2001-01-01,wheat,0.0,0.0,0.0,0.0
2001-02-01,maize,0.2458154460862777,0.1766894531936087,0.0040104085037925355,-0.07313640139646153
2001-02-01,rice,0.0,0.0,0.0,0.0
2001-02-01,wheat,0.0,0.0,0.0,0.0
2001-03-01,maize,-0.0869145002256715,-0.057635721915244256,0.06092052073015591,-0.03164174241972865
2001-03-01,rice,0.0,0.0,0.0,0.0
2001-03-01,wheat,0.0,0.0,0.0,0.0
2001-04-01,maize,0.27791571149033456,0.060847095395213324,-0.06252427035762155,-0.1545443457374997
2001-04-01,rice,0.0,0.0,0.0,0.0
2001-04-01,wheat,-0.6098835374733019,-0.16813444848301473,0.4158158928246495,0.025933196165637662
2001-05-01,maize,-0.06031274052786958,-0.006830764144924838,0.004742166166174736,0.048739810216770006
2001-05-01,rice,0.0,0.0,0.0,0.0
2001-05-01,wheat,-0.34840505156188767,0.09275138873958176,0.33177011424724534,0.10938632605422416
2001-06-01,maize,-0.6992298938750039,-0.3629947473275448,0.4115911455615239,-0.07535599901406471
2001-06-01,rice,-0.16834938641036182,-0.11643594643854564,0.09158406095751201,-0.03967062098569584
2001-06-01,wheat,-0.5571614922943178,-0.33737569416884117,0.212811742643284,0.006974055482192716
2001-07-01,maize,0.6526596420337013,0.2626148399280879,-0.25424083109480633,-0.13580397101080707
2001-07-01,rice,0.4906840335748644,-0.27346828270604523,-0.09474267866596478,-0.6694096376149448
2001-07-01,wheat,0.047055989316747565,0.07524476689045728,0.011769391837692073,0.016419385736017554
2001-08-01,maize,0.9975982176145385,0.42878045493996053,-0.2958801803932038,-0.27293758228137427
2001-08-01,rice,-0.6707678768597971,-0.41394221300572576,0.12397809283954914,0.13284757101452216
2001-08-01,wheat,1.0074800663497583,0.3361473939008433,-0.2857872171461034,-0.38554545530281165
2001-09-01,maize,0.0,0.0,0.0,0.0
2001-09-01,rice,3.169010733418462,0.8952395665702952,-1.2293287191612634,-1.0444424476869034
2001-09-01,wheat,-0.3435906010215693,0.004560104036511747,0.16088842054243616,0.18726228451564494
2001-10-01,maize,0.0,0.0,0.0,0.0
2001-10-01,rice,-0.8307962166279061,-0.1666035388279412,0.4097588934639067,0.25443378433605823
2001-10-01,wheat,-0.8461297307156603,-0.2761152251525879,0.31315817859489764,0.2568563269681748
2001-11-01,maize,0.0,0.0,0.0,0.0
2001-11-01,rice,0.0,0.0,0.0,0.0
2001-11-01,wheat,-0.27970009117657013,-0.07846543977219328,0.1416948053880537,0.05953984601632319
2001-12-01,maize,0.019795761449229843,-0.1048617172481185,-0.02485777159574408,-0.09979970710160428
2001-12-01,rice,0.0,0.0,0.0,0.0
2001-12-01,wheat,0.0,0.0,0.0,0.0
2002-01-01,maize,0.023541612290864822,-0.05964436977309469,-0.06187402711934984,-0.021311954944609662
2002-01-01,rice,0.0,0.0,0.0,0.0
2002-01-01,wheat,0.0,0.0,0.0,0.0
2002-02-01,maize,0.274024621394445,-0.05103574130942083,-0.124683275454685,-0.2003770872491809
2002-02-01,rice,0.0,0.0,0.0,0.0
2002-02-01,wheat,0.0,0.0,0.0,0.0
2002-03-01,maize,0.5428139145650864,0.20334877649604535,-0.1351445177532715,-0.2043206203157695
2002-03-01,rice,0.0,0.0,0.0,0.0
2002-03-01,wheat,0.0,0.0,0.0,0.0
2002-04-01,maize,0.7352746901362963,0.21786347473464318,-0.2619977573826191,-0.2554134580190341
2002-04-01,rice,0.0,0.0,0.0,0.0
2002-04-01,wheat,0.15703816729913517,-0.08601125539741122,-0.1577345341577297,-0.08531488853881666
2002-05-01,maize,0.18712288935269575,0.21000475105371907,-0.0971553240208885,0.12003718572191178
2002-05-01,rice,0.0,0.0,0.0,0.0
2002-05-01,wheat,-0.11040678976557045,-0.23754252961562802,-0.042871585361439805,-0.08426415448861778
2002-06-01,maize,1.1993691689338855,0.35180176645243016,-0.2877640457608784,-0.5598033567205769
2002-06-01,rice,0.19206893907045827,-0.03421573253049072,-0.11304276540124542,-0.1132419061997036
2002-06-01,wheat,0.9797072797850299,0.7242885651117182,-0.13260533864486213,-0.12281337602844944
2002-07-01,maize,2.1918570404448765,0.6116501641363135,-0.9418458920037543,-0.6383609843048084
2002-07-01,rice,5.009073846187606,1.5729346133700552,-1.9203383384151083,-1.5158008944024421
2002-07-01,wheat,1.054673220146011,0.4125286523286092,-0.4048842744529878,-0.23726029336441398
2002-08-01,maize,-0.20284275231536758,0.09024613623701586,-0.03340523001317537,0.3264941185655588
2002-08-01,rice,-0.21602998269326418,-0.02959985734447388,-0.31145364316214225,0.49788376851093247
2002-08-01,wheat,-0.6017044521047852,-0.2434148723441046,0.12921872056217518,0.22907085919850534
2002-09-01,maize,0.0,0.0,0.0,0.0
2002-09-01,rice,-1.1940375014164013,-0.5397083587339913,0.40599661305487195,0.24833252962753816
2002-09-01,wheat,0.06666681172359762,-0.08545646965166245,-0.05216204162749183,-0.0999612397477683
2002-10-01,maize,0.0,0.0,0.0,0.0
2002-10-01,rice,0.9414683690071168,0.5379048693815494,-0.17047358552771652,-0.23308991409785101
2002-10-01,wheat,0.2543374947453627,0.06239340033103015,-0.10802637919422403,-0.08391771522010857
2002-11-01,maize,0.0,0.0,0.0,0.0
2002-11-01,rice,0.0,0.0,0.0,0.0
2002-11-01,wheat,-0.30855507749481736,-0.029044657378154932,0.11827737868814767,0.16123304142851475
2002-12-01,maize,-0.5040392608163414,-0.17313611392155212,0.1853780720003044,0.1455250748944849
2002-12-01,rice,0.0,0.0,0.0,0.0
2002-12-01,wheat,0.0,0.0,0.0,0.0
2003-01-01,maize,0.18699701331238394,0.05951235965908923,0.04840241024472608,-0.1758870638980208
2003-01-01,rice,0.0,0.0,0.0,0.0
2003-01-01,wheat,0.0,0.0,0.0,0.0
2003-02-01,maize,-0.11499884935944021,0.0889186019369797,0.07144094725021323,0.13247650404620673
2003-02-01,rice,0.0,0.0,0.0,0.0
2003-02-01,wheat,0.0,0.0,0.0,0.0
2003-03-01,maize,-0.22755883783591804,-0.07606144009779627,0.039878639935824724,0.11161875780229705
2003-03-01,rice,0.0,0.0,0.0,0.0
2003-03-01,wheat,0.0,0.0,0.0,0.0
2003-04-01,maize,-0.0930106801109362,-0.0300714854354924,0.0678782927425869,-0.004939098067143102
2003-04-01,rice,0.0,0.0,0.0,0.0
2003-04-01,wheat,0.31907403262948686,-0.1317338351872961,-0.32133917564099534,-0.1294686921757876
2003-05-01,maize,0.1510669350553754,-0.03561578524075154,-0.08486938202092249,-0.10181333827520445
2003-05-01,rice,0.0,0.0,0.0,0.0
2003-05-01,wheat,0.7671579707517693,0.00687000722367799,-0.3330592940319484,-0.4272286694961431
2003-06-01,maize,-0.5800839354346166,-0.7784623439384071,0.1286615069229009,-0.32703991542669153
2003-06-01,rice,-0.5295504393312521,-0.16039921607260305,0.1726795772104141,0.19647164604823503
2003-06-01,wheat,-0.190022308911096,-0.31077383637427236,-0.04086940488295693,-0.0798821225802194
2003-07-01,maize,0.17886783447491775,0.04170958624035736,-0.07033020164815099,-0.06682804658640934
2003-07-01,rice,-1.230545139431552,-0.3666522092928917,0.8119579292976886,0.05193500084097169
2003-07-01,wheat,0.13459572213384954,0.103985951727912,-0.02220127278285087,-0.008408497623086757
2003-08-01,maize,2.4250535847895933,0.7212076832506766,-1.0528150112823143,-0.6510308902566023
2003-08-01,rice,0.8285204913778752,0.2680389786421075,-0.11651327085445734,-0.4439682418813103
2003-08-01,wheat,0.9473281696810322,0.6464905174905496,-0.25793450347921787,-0.042903148711264716
2003-09-01,maize,0.0,0.0,0.0,0.0
2003-09-01,rice,-1.7220162989369827,-0.6100138627429035,0.7140116791106745,0.3979907570834047
2003-09-01,wheat,0.27214476630447243,0.0927960759248015,-0.07949659700296097,-0.09985209337670994
2003-10-01,maize,0.0,0.0,0.0,0.0
2003-10-01,rice,0.46247740492780115,0.012299032766254103,-0.16082974300490266,-0.2893486291566445
2003-10-01,wheat,-0.06975847771777269,-0.08974009420533115,-0.007295125064960703,-0.012686491422597777
2003-11-01,maize,0.0,0.0,0.0,0.0
2003-11-01,rice,0.0,0.0,0.0,0.0
2003-11-01,wheat,0.09677742089874763,0.06541663348621551,-0.04222155543553807,0.010860768023005942
2003-12-01,maize,-0.0597254823402682,-0.09750660580541876,-0.0076218832403524145,-0.03015924022479812
2003-12-01,rice,0.0,0.0,0.0,0.0
2003-12-01,wheat,0.0,0.0,0.0,0.0
2004-01-01,maize,0.4738977606310359,0.0776926664177694,-0.23533909377842407,-0.16086600043484242
2004-01-01,rice,0.0,0.0,0.0,0.0
2004-01-01,wheat,0.0,0.0,0.0,0.0
2004-02-01,maize,0.2302919187253492,-0.10293657489315339,-0.1642492125429041,-0.1689792810755985
2004-02-01,rice,0.0,0.0,0.0,0.0
2004-02-01,wheat,0.0,0.0,0.0,0.0
2004-03-01,maize,0.36554858561056536,0.08409959172749756,-0.1474684005737494,-0.13398059330931839
2004-03-01,rice,0.0,0.0,0.0,0.0
2004-03-01,wheat,0.0,0.0,0.0,0.0
2004-04-01,maize,-0.12047867973888163,-0.01976582365081881,-0.010101976672526996,0.11081483276058982
2004-04-01,rice,0.0,0.0,0.0,0.0
2004-04-01,wheat,-0.2741844262599783,-0.16741553214986973,0.05711319611198619,0.04965569799812239
2004-05-01,maize,-0.24257774735441873,-0.04911471638170792,0.04985537550583763,0.14360765546687318
2004-05-01,rice,0.0,0.0,0.0,0.0
2004-05-01,wheat,0.07503853894187934,-0.10965662989661572,-0.0038219538949356285,-0.18087321494355937
2004-06-01,maize,-0.9727742660519352,-0.790383773948286,0.4493833504433448,-0.2669928583396957
2004-06-01,rice,-0.5676718649698475,-0.12160892282906009,0.13234329569149758,0.3137196464492898
2004-06-01,wheat,-0.7073144606828763,-0.5655668485498275,0.2002990392335462,-0.058551427100497364
2004-07-01,maize,-1.6617253289686078,-0.628763310949074,0.6682515591161201,0.3647104589034137
2004-07-01,rice,0.03875154790207791,0.07498916479816056,-0.48367715645877707,0.5199147733548596
2004-07-01,wheat,-0.750521351507873,-0.2333978141890416,0.29755903660051025,0.21956450071832112
2004-08-01,maize,-1.4629474773953852,-0.7794425802512115,0.4154607822853341,0.26804411485883956
2004-08-01,rice,0.09163162832265942,-0.4025865925985164,-0.28059519247623327,-0.21362302844494255
2004-08-01,wheat,-0.8220573256569769,-0.3366415462614458,0.2573990773113916,0.22801670208413963
2004-09-01,maize,0.0,0.0,0.0,0.0
2004-09-01,rice,2.663984329440388,0.39085727037512663,-1.3784241668429507,-0.8947028922223108
2004-09-01,wheat,0.3913256180910878,0.27259808799787516,-0.00018608577420641675,-0.11854144431900622
2004-10-01,maize,0.0,0.0,0.0,0.0
2004-10-01,rice,3.2069012538171835,0.2123594462231037,-1.971424721113559,-1.0231170864805212
2004-10-01,wheat,0.24514978273578247,0.04972809950805738,-0.11776080708274499,-0.0776608761449801
2004-11-01,maize,0.0,0.0,0.0,0.0
2004-11-01,rice,0.0,0.0,0.0,0.0
2004-11-01,wheat,-0.07875247649820433,-0.033618184628343324,0.03312547464765124,0.012008817222209756
2004-12-01,maize,-0.24233622945075078,-0.11959464480181614,0.10236726573275881,0.020374318916175794
2004-12-01,rice,0.0,0.0,0.0,0.0
2004-12-01,wheat,0.0,0.0,0.0,0.0
2005-01-01,maize,0.045313852726187445,0.106100591260893,-0.06247846243027272,0.12326520096497827
2005-01-01,rice,0.0,0.0,0.0,0.0
2005-01-01,wheat,0.0,0.0,0.0,0.0
2005-02-01,maize,-0.13534973203993367,-0.1453194518882163,0.09488120580108979,-0.1048509256493724
2005-02-01,rice,0.0,0.0,0.0,0.0
2005-02-01,wheat,0.0,0.0,0.0,0.0
2005-03-01,maize,0.11377832851913655,0.06224159939438993,-0.13885467699694018,0.08731794787219356
2005-03-01,rice,0.0,0.0,0.0,0.0
2005-03-01,wheat,0.0,0.0,0.0,0.0
2005-04-01,maize,0.42177682134052136,0.13755498131232705,-0.16703152437160945,-0.11719031565658494
2005-04-01,rice,0.0,0.0,0.0,0.0
2005-04-01,wheat,0.8115960195814699,0.7075417113083158,-0.02153329149141585,-0.08252101678173818
2005-05-01,maize,0.07670720810669088,0.05543130349540361,-0.05000106812057003,0.02872516350928277
2005-05-01,rice,0.0,0.0,0.0,0.0
2005-05-01,wheat,0.8329033049757074,0.63144148616632,0.0194510589492426,-0.22091287775863
2005-06-01,maize,1.2572094718550988,0.39447661870843254,-0.7246998712668001,-0.1380329818798663
2005-06-01,rice,0.4505624257346368,0.09105555607883142,-0.18127608021231764,-0.17823078944348766
2005-06-01,wheat,-1.1413424324727928,-0.007287813983864983,0.3102130043934289,0.8238416140954989
2005-07-01,maize,1.1520798373213403,0.13095896036747415,-0.7008786927672309,-0.320242184186635
2005-07-01,rice,-1.635431219149574,-0.49430078966558144,0.3281350226926259,0.8129954067913665
2005-07-01,wheat,0.08025320639314179,0.027607077524318624,0.09234340614143355,-0.14498953501025671
2005-08-01,maize,0.5432326598902475,0.3059235230186307,-0.523142676461384,0.28583353958976715
2005-08-01,rice,2.654636777446796,0.7534313722406745,-1.0015517366055402,-0.8996536686005808
2005-08-01,wheat,-0.46666494648371004,-0.050148862447747966,0.09345176543416127,0.3230643186018008
2005-09-01,maize,0.0,0.0,0.0,0.0
2005-09-01,rice,-0.9733875691633991,-0.24437419490849394,0.25313897308607497,0.47587440116883023
2005-09-01,wheat,-0.3973038742405692,-0.13233182121968007,0.11653225182329992,0.1484398011975892
2005-10-01,maize,0.0,0.0,0.0,0.0
2005-10-01,rice,0.3853597481298569,-0.0018396751410304224,-0.06324276246358866,-0.3239566608072987
2005-10-01,wheat,-0.04963679345446079,-0.00901122335717192,0.016172315183232366,0.02445325491405649
2005-11-01,maize,0.0,0.0,0.0,0.0
2005-11-01,rice,0.0,0.0,0.0,0.0
2005-11-01,wheat,0.17318205132882725,0.051994211482248406,-0.06791808523060577,-0.053269754615973074
2005-12-01,maize,0.2835153357910008,-0.07069164863549429,-0.14267560633091997,-0.21153137809557515
2005-12-01,rice,0.0,0.0,0.0,0.0
2005-12-01,wheat,0.0,0.0,0.0,0.0
2006-01-01,maize,0.07539198954251441,0.16649686777904382,0.009126087174375325,0.08197879106215408
2006-01-01,rice,0.0,0.0,0.0,0.0
2006-01-01,wheat,0.0,0.0,0.0,0.0
2006-02-01,maize,0.1720633727262556,0.13515397595979012,-0.05108852176973899,0.014179125003273493
2006-02-01,rice,0.0,0.0,0.0,0.0
2006-02-01,wheat,0.0,0.0,0.0,0.0
2006-03-01,maize,-0.25108377596196113,-0.05464308318446897,0.07723660653591458,0.11920408624157756
2006-03-01,rice,0.0,0.0,0.0,0.0
2006-03-01,wheat,0.0,0.0,0.0,0.0
2006-04-01,maize,-0.3061102135473919,-0.09837011777332863,0.09755339090467643,0.11018670486938682
2006-04-01,rice,0.0,0.0,0.0,0.0
2006-04-01,wheat,0.9353050561801981,0.6101842589625913,-0.21064216171328,-0.11447863550432688
2006-05-01,maize,0.17247565226772885,-0.14444146292541574,-0.13143564550586087,-0.1854814696872837
2006-05-01,rice,0.0,0.0,0.0,0.0
2006-05-01,wheat,0.35072231233677403,0.2405752268364259,-0.047956539147119365,-0.06219054635322882
2006-06-01,maize,1.298739445730877,-0.09536277536005452,-0.7605947816485805,-0.6335074394423508
2006-06-01,rice,0.37909100350433217,0.03405110215601364,-0.21695976709372083,-0.12808013425459772
2006-06-01,wheat,1.4560293611592574,0.29461722536250684,-0.48964279802730803,-0.6717693377694425
2006-07-01,maize,1.6444702633757406,0.6603637435750281,-0.6471826975702057,-0.3369238222305069
2006-07-01,rice,-0.7071577157220558,-0.3106370979710652,0.07319334398305771,0.32332727376793297
2006-07-01,wheat,1.4057335484734665,0.33796132287224273,-0.5443867601482144,-0.5233854654530096
2006-08-01,maize,-0.1110799045523416,0.4104752960571277,-0.20168189803460745,0.7232370986440767
2006-08-01,rice,-0.7481209342522186,-0.3113943481233905,0.14722961387942132,0.2894969722494067
2006-08-01,wheat,0.9121381443136098,0.2512719495367536,-0.3799695837065886,-0.28089661107026753
2006-09-01,maize,0.0,0.0,0.0,0.0
2006-09-01,rice,0.11777360808151827,0.06571645293509432,0.03178281256355544,-0.0838399677099794
2006-09-01,wheat,0.48325398678295983,0.05360712029598631,-0.23198677517322316,-0.19766009131375045
2006-10-01,maize,0.0,0.0,0.0,0.0
2006-10-01,rice,-0.29227602448971274,0.017503937953479667,-0.22211170337217406,0.5318916658153664
2006-10-01,wheat,0.47886515816377595,0.16543051001966977,-0.22421085202116398,-0.08922379612294216
2006-11-01,maize,0.0,0.0,0.0,0.0
2006-11-01,rice,0.0,0.0,0.0,0.0
2006-11-01,wheat,0.11047506898478533,0.016079292679303837,-0.03707866907937504,-0.057317107226106445
2006-12-01,maize,-0.30900825788794883,-0.009174209190001798,0.10637268681594679,0.19346136188200022
2006-12-01,rice,0.0,0.0,0.0,0.0
2006-12-01,wheat,0.0,0.0,0.0,0.0
2007-01-01,maize,-0.07776866968880557,-0.15020735858192466,0.04407048454861632,-0.11650917344173543
2007-01-01,rice,0.0,0.0,0.0,0.0
2007-01-01,wheat,0.0,0.0,0.0,0.0
2007-02-01,maize,0.05449421803779514,0.07663632205503458,-0.035609317970283785,0.0577514219875232
2007-02-01,rice,0.0,0.0,0.0,0.0
2007-02-01,wheat,0.0,0.0,0.0,0.0
2007-03-01,maize,0.870802815044525,0.30603879016077673,-0.2933702080029942,-0.2713938168807539
2007-03-01,rice,0.0,0.0,0.0,0.0
2007-03-01,wheat,0.0,0.0,0.0,0.0
2007-04-01,maize,0.4693659179827537,0.13193785160503246,-0.22339479787482663,-0.11403326850289461
2007-04-01,rice,0.0,0.0,0.0,0.0
2007-04-01,wheat,0.016329985606355124,-0.17020761359260675,0.05022000213637562,-0.23675760133533752
2007-05-01,maize,0.4068093717922265,0.1637354154643115,-0.1281855594633997,-0.11488839686451524
2007-05-01,rice,0.0,0.0,0.0,0.0
2007-05-01,wheat,0.15639706523135183,0.5743558852984436,-0.04052435316454066,0.45848317323163224
2007-06-01,maize,0.8968708209902911,-0.4160505366511632,-0.8835558223548513,-0.42936553528660304
2007-06-01,rice,0.39707154693883584,0.0676101777222263,-0.24927341313411094,-0.08018795608249857
2007-06-01,wheat,-1.341457406842923,-0.1654694038173592,0.49811086889693446,0.6778771341286295
2007-07-01,maize,1.1831681329611412,-0.28150790780557816,-0.8560356596545139,-0.6086403811122055
2007-07-01,rice,-1.458331807795218,-0.19845787232930628,0.33917237821896096,0.9207015572469508
2007-07-01,wheat,1.276346908381782,0.6440275375786154,-0.30307223425002616,-0.3292471365531404
2007-08-01,maize,0.23446124779561978,1.4895954547147896,-0.3335817888538251,1.588715995772995
2007-08-01,rice,0.42530347009881153,0.3740864183770466,0.043264495299944083,-0.09448154702170906
2007-08-01,wheat,0.4855110219126101,0.07155600778027621,-0.18582002820820892,-0.22813498592412493
2007-09-01,maize,0.0,0.0,0.0,0.0
2007-09-01,rice,0.3529145187680821,0.21482255493555635,-0.18353878015854294,0.045446816326017124
2007-09-01,wheat,0.10707543016731613,-0.013416507434227884,-0.12096572114308657,0.00047378354154253843
2007-10-01,maize,0.0,0.0,0.0,0.0
2007-10-01,rice,-1.1197383014192819,-0.3047772706752864,0.19645888718098817,0.6185021435630074
2007-10-01,wheat,0.09400769006797427,0.018789869742163186,-0.06943989668959176,-0.005777923636219318
2007-11-01,maize,0.0,0.0,0.0,0.0
2007-11-01,rice,0.0,0.0,0.0,0.0
2007-11-01,wheat,0.2887895579756298,0.08749554976601762,-0.05545708678451544,-0.14583692142509672
2007-12-01,maize,0.27598723337924425,0.003714864316063788,-0.14925087915258764,-0.12302148991059281
2007-12-01,rice,0.0,0.0,0.0,0.0
2007-12-01,wheat,0.0,0.0,0.0,0.0
2008-01-01,maize,0.08533406925684539,0.049273444086065515,-0.059362739068375324,0.023302113897595466
2008-01-01,rice,0.0,0.0,0.0,0.0
2008-01-01,wheat,0.0,0.0,0.0,0.0
2008-02-01,maize,0.0701365038548544,-0.008182673727772271,-0.039603945985744494,-0.038715231596882185
2008-02-01,rice,0.0,0.0,0.0,0.0
2008-02-01,wheat,0.0,0.0,0.0,0.0
2008-03-01,maize,-0.2566894039936741,-0.14943043345270146,0.08498602347980977,0.02227294706116285
2008-03-01,rice,0.0,0.0,0.0,0.0
2008-03-01,wheat,0.0,0.0,0.0,0.0
2008-04-01,maize,-0.4054422946197056,-0.09458800482642654,0.10249645154090228,0.20835783825237675
2008-04-01,rice,0.0,0.0,0.0,0.0
2008-04-01,wheat,-0.5124127870988527,-0.01688734767513626,0.22170524144973172,0.2738201979739848
2008-05-01,maize,0.026522147159240426,-0.08100260977278655,0.014605984388420146,-0.12213074132044711
2008-05-01,rice,0.0,0.0,0.0,0.0
2008-05-01,wheat,-0.32943106238039366,-0.07719956690931054,0.06688282205715021,0.1853486734139329
2008-06-01,maize,-1.7036357689182338,-0.5783535801069531,0.20869192727034588,0.9165902615409348
2008-06-01,rice,0.2798510536596763,-0.017637530795479972,-0.17626278293162886,-0.1212258015235274
2008-06-01,wheat,-0.5079600551066538,-0.3740311591827485,0.15291654461780013,-0.0189876486938948
2008-07-01,maize,-0.8806488732447956,-0.36421785622758407,0.000767516262258832,0.5156635007549526
2008-07-01,rice,0.3443509045584572,-0.13417680801744553,0.013448446317842921,-0.4919761588937456
2008-07-01,wheat,-0.27689222453406515,-0.05057058030230446,-0.036642302007990575,0.2629639462397513
2008-08-01,maize,1.7664112266490912,-0.3865776106711769,-1.064156409259728,-1.0888324280605401
2008-08-01,rice,-0.8215161524938126,-0.19586229052651294,0.4036872403166669,0.22196662165063274
2008-08-01,wheat,0.35689098171707356,-0.022443769490017834,-0.20276032612169034,-0.17657442508540108
2008-09-01,maize,0.0,0.0,0.0,0.0
2008-09-01,rice,-0.9577276135815941,-0.24198383358880077,0.08677256802821834,0.628971211964575
2008-09-01,wheat,0.3272494397594443,0.06347372956245334,-0.17962109031035098,-0.08415461988663997
2008-10-01,maize,0.0,0.0,0.0,0.0
2008-10-01,rice,-0.2913391536701026,0.26523819792484565,0.3897470960290595,0.16683025556588874
2008-10-01,wheat,0.2614744073147089,0.055294290238926395,-0.11274972775993554,-0.09343038931584693
2008-11-01,maize,0.0,0.0,0.0,0.0
2008-11-01,rice,0.0,0.0,0.0,0.0
2008-11-01,wheat,0.4873118814095431,0.2755649061983966,-0.16998553367557992,-0.04176144153556654
2008-12-01,maize,0.47121680976533215,0.0816904706719413,-0.16076804823191865,-0.22875829086147223
2008-12-01,rice,0.0,0.0,0.0,0.0
2008-12-01,wheat,0.0,0.0,0.0,0.0
2009-01-01,maize,0.4609989728021885,0.11389219260813725,-0.20573885212230603,-0.14136792807174528
2009-01-01,rice,0.0,0.0,0.0,0.0
2009-01-01,wheat,0.0,0.0,0.0,0.0
2009-02-01,maize,-0.008401800592930678,0.03556753348924199,0.0006790042491927883,0.04329032983297987
2009-02-01,rice,0.0,0.0,0.0,0.0
2009-02-01,wheat,0.0,0.0,0.0,0.0
2009-03-01,maize,0.1303982772900973,0.08530897715421096,-0.022461492417996016,-0.02262780771789032
2009-03-01,rice,0.0,0.0,0.0,0.0
2009-03-01,wheat,0.0,0.0,0.0,0.0
2009-04-01,maize,-0.1408209592254427,-0.05055095650354368,0.005929102972359234,0.08434089974953977
2009-04-01,rice,0.0,0.0,0.0,0.0
2009-04-01,wheat,-0.4262712831693519,-0.06340596064653707,0.05824907808607028,0.3046162444367445
2009-05-01,maize,-0.26824601953680316,-0.1017022873681784,0.026094093513625224,0.14044963865499954
2009-05-01,rice,0.0,0.0,0.0,0.0
2009-05-01,wheat,0.40036136970349256,0.18666518144425576,-0.0777267826630322,-0.13596940559620463
2009-06-01,maize,-0.3647743452893448,0.277345570691747,0.4588668234751976,0.18325309250589422
2009-06-01,rice,0.3116256976064986,0.14564026229265922,0.0009408904731112316,-0.1669263257869506
2009-06-01,wheat,0.7213332577608932,0.06535397801164752,-0.2887514442266741,-0.36722783552257154
2009-07-01,maize,-0.6555952251087416,-0.7265670374898242,0.008945771652927051,-0.07991758403400971
2009-07-01,rice,-0.7484084247716148,-0.2458794839109804,0.0694176970499822,0.43311124381065214
2009-07-01,wheat,-0.0019684959964030163,-0.06244489642208254,-0.12148801749894741,0.06101161707326787
2009-08-01,maize,-1.600153738289219,-0.6097424095655043,0.3754222741641269,0.614989054559588
2009-08-01,rice,2.3782413764237846,1.0036058466849107,-0.6211529016300614,-0.7534826281088123
2009-08-01,wheat,-0.061671810844333264,0.18970589007351862,0.18598992746224535,0.06538777345560647
2009-09-01,maize,0.0,0.0,0.0,0.0
2009-09-01,rice,0.0162617341100057,0.44608068045815497,0.0063442995383543865,0.4234746468097951
2009-09-01,wheat,-0.16811912583320623,-0.09754743783026737,-0.035173888158427875,0.10574557616136673
2009-10-01,maize,0.0,0.0,0.0,0.0
2009-10-01,rice,0.34838656981391447,0.1383259148588404,0.17978653665086364,-0.3898471916059377
2009-10-01,wheat,0.6750458642534308,0.28865307944946483,-0.1840575564161515,-0.20233522838781443
2009-11-01,maize,0.0,0.0,0.0,0.0
2009-11-01,rice,0.0,0.0,0.0,0.0
2009-11-01,wheat,-0.1425233174008621,-0.032213690855350766,-0.023382752424530077,0.1336923789700414
2009-12-01,maize,-0.6282457109568392,-0.175440700845073,0.20288563110402508,0.24991937900774117
2009-12-01,rice,0.0,0.0,0.0,0.0
2009-12-01,wheat,0.0,0.0,0.0,0.0
2010-01-01,maize,-0.30604728139652393,-0.02837895444208582,0.18346669922655015,0.09420162772788795
2010-01-01,rice,0.0,0.0,0.0,0.0
2010-01-01,wheat,0.0,0.0,0.0,0.0
2010-02-01,maize,-0.7515683711476195,-0.08654099582296913,0.31493349804441845,0.3500938772802319
2010-02-01,rice,0.0,0.0,0.0,0.0
2010-02-01,wheat,0.0,0.0,0.0,0.0
2010-03-01,maize,0.2061404554541025,0.1293254251623054,-0.05042861150252771,-0.026386418789269374
2010-03-01,rice,0.0,0.0,0.0,0.0
2010-03-01,wheat,0.0,0.0,0.0,0.0
2010-04-01,maize,0.36021430084602885,0.11262252489216637,-0.1531575454996347,-0.09443423045422782
2010-04-01,rice,0.0,0.0,0.0,0.0
2010-04-01,wheat,0.124582836910652,-0.06936332940610439,-0.05579522831797393,-0.13815093799878245
2010-05-01,maize,0.4764269340757468,0.22568041321782337,-0.17555522964645642,-0.07519129121146702
2010-05-01,rice,0.0,0.0,0.0,0.0
2010-05-01,wheat,-0.4216710396089526,-0.23793443783993243,0.004848820934113785,0.1788877808349064
2010-06-01,maize,-1.819509220235604,0.16829757522733158,0.5552256310793401,1.4325811643835955
2010-06-01,rice,0.5737975658595802,0.2623978218391473,-0.15208036743950568,-0.1593193765809272
2010-06-01,wheat,0.1646768714978187,0.3047506835039406,0.09784821035247199,0.04222560165365009
2010-07-01,maize,-1.5963035636754208,-0.04512036925177772,0.4960840722790245,1.0550991221446187
2010-07-01,rice,0.6357304516929468,0.5772022866126354,-0.03851873117233804,-0.02000943390797336
2010-07-01,wheat,0.3754275130900415,0.22758894052618672,-0.10082872149244124,-0.04700985107141352
2010-08-01,maize,1.9781111550701496,1.2151592904890438,-0.39543602095736485,-0.3675158436237409
2010-08-01,rice,-2.2681846980088327,-0.16030841850231486,1.335417882094871,0.7724583974116467
2010-08-01,wheat,-0.8016883856010878,0.024930772757677327,0.38291260863422305,0.44370654972454215
2010-09-01,maize,0.0,0.0,0.0,0.0
2010-09-01,rice,-0.057977556320214146,0.2547636751952494,0.7084419371044193,-0.39570070558895587
2010-09-01,wheat,-0.8036993105982861,-0.25050698415492073,0.29103892307693074,0.2621534033664347
2010-10-01,maize,0.0,0.0,0.0,0.0
2010-10-01,rice,-1.9323947296309636,-0.367780335608966,0.5889510377568458,0.9756633562651517
2010-10-01,wheat,-0.5057900223309254,-0.25314756690954643,0.11187368300437828,0.1407687724170007
2010-11-01,maize,0.0,0.0,0.0,0.0
2010-11-01,rice,0.0,0.0,0.0,0.0
2010-11-01,wheat,0.19910235069841495,-0.013542174757886216,-0.10141401802456797,-0.1112305074317332
2010-12-01,maize,0.4210007627648267,0.17373824751704084,-0.13891473137255947,-0.10834778387522641
2010-12-01,rice,0.0,0.0,0.0,0.0
2010-12-01,wheat,0.0,0.0,0.0,0.0
2011-01-01,maize,-0.07135601077260752,0.01955106699624066,-0.06838941701764281,0.15929649478649097
2011-01-01,rice,0.0,0.0,0.0,0.0
2011-01-01,wheat,0.0,0.0,0.0,0.0
2011-02-01,maize,-0.19856809549791887,-0.17852798911989737,0.03976912673395886,-0.019729020355937328
2011-02-01,rice,0.0,0.0,0.0,0.0
2011-02-01,wheat,0.0,0.0,0.0,0.0
2011-03-01,maize,-0.6578881681662745,-0.17460784964683546,0.1931133684779591,0.29016695004147997
2011-03-01,rice,0.0,0.0,0.0,0.0
2011-03-01,wheat,0.0,0.0,0.0,0.0
2011-04-01,maize,-0.07153456964726188,-0.0327187294991983,0.025519599070256395,0.013296241077807181
2011-04-01,rice,0.0,0.0,0.0,0.0
2011-04-01,wheat,1.4378571470261925,0.5625201258024033,-0.4727517179901605,-0.4025853032336286
2011-05-01,maize,0.4490267547909986,-0.007528232932752971,-0.18037526117890357,-0.27617972654484796
2011-05-01,rice,0.0,0.0,0.0,0.0
2011-05-01,wheat,1.2567169526921032,0.18966083000724115,-0.7415877968381904,-0.3254683258466717
2011-06-01,maize,0.39892338788353887,0.6650578710577543,0.1716254928023243,0.09450899037189112
2011-06-01,rice,0.71883100733792,0.36268964782769053,-0.21860485522304696,-0.13753650428718256
2011-06-01,wheat,-0.1118102898056356,0.22888376166682234,0.16990799117074307,0.17078606030171478
2011-07-01,maize,1.575100869471974,1.1161820837932293,-0.26221827198356523,-0.19670051369517966
2011-07-01,rice,-0.20601707707049266,0.025266058943878705,0.10986596688446149,0.12141716912990977
2011-07-01,wheat,-0.04839020003060484,0.12020359100625652,0.09393163582025535,0.07466215521660602
2011-08-01,maize,1.7229729041379136,0.4980414836210436,-0.6020963488206724,-0.6228350716961973
2011-08-01,rice,-1.8876676409930748,-0.18224336673289998,0.7881398756505738,0.9172843986096013
2011-08-01,wheat,-0.019780694734859224,-0.11054203341020022,0.018619847141542592,-0.1093811858168836
2011-09-01,maize,0.0,0.0,0.0,0.0
2011-09-01,rice,-3.2430989017696534,-1.022804067466917,1.245711262399598,0.9745835719031384
2011-09-01,wheat,0.2278642905616146,-0.004763924231640845,-0.1738496545157394,-0.05877856027751606
2011-10-01,maize,0.0,0.0,0.0,0.0
2011-10-01,rice,-0.7980733037979966,-0.14160710093784165,0.11813505804244977,0.538331144817705
2011-10-01,wheat,-0.5877662109493511,-0.2232967105105959,0.17374849052277272,0.19072100991598256
2011-11-01,maize,0.0,0.0,0.0,0.0
2011-11-01,rice,0.0,0.0,0.0,0.0
2011-11-01,wheat,0.0029709478008673874,0.01944542755896068,-0.04914329088599879,0.06561777064409209
2011-12-01,maize,0.590927058837443,0.06898027435674367,-0.27775864664005956,-0.24418813784063975
2011-12-01,rice,0.0,0.0,0.0,0.0
2011-12-01,wheat,0.0,0.0,0.0,0.0
2012-01-01,maize,0.7777346289252608,0.3659907430468306,-0.25193876890032335,-0.1598051169781068
2012-01-01,rice,0.0,0.0,0.0,0.0
2012-01-01,wheat,0.0,0.0,0.0,0.0
2012-02-01,maize,-0.03326663180134154,0.21156982070121966,0.05954988998188126,0.18528656252067996
2012-02-01,rice,0.0,0.0,0.0,0.0
2012-02-01,wheat,0.0,0.0,0.0,0.0
2012-03-01,maize,0.41604597462211546,0.06573367303627876,-0.19455242404389897,-0.1557598775419377
2012-03-01,rice,0.0,0.0,0.0,0.0
2012-03-01,wheat,0.0,0.0,0.0,0.0
2012-04-01,maize,0.05330285009222239,0.048613433233297754,-0.04350155983076753,0.03881214297184289
2012-04-01,rice,0.0,0.0,0.0,0.0
2012-04-01,wheat,-0.006394173753635768,0.3573888334080029,0.011375004032959091,0.3524080031286796
2012-05-01,maize,-0.23492037285068756,-0.030392731982075635,0.07572085521935658,0.12880678564925535
2012-05-01,rice,0.0,0.0,0.0,0.0
2012-05-01,wheat,1.2866296974287432,0.3253393691594826,-0.5534075124011152,-0.40788281586814507
2012-06-01,maize,5.049358048355262,1.916172687295801,-1.7626455235164613,-1.3705398375429998
2012-06-01,rice,0.5119713629491217,0.17419967952086576,-0.2530509086112192,-0.08472077481703677
2012-06-01,wheat,1.2832864902303696,0.8108327174197011,-0.17092710999006314,-0.30152666282060536
2012-07-01,maize,5.508213943191757,2.633646757449047,-1.855524676322212,-1.019042509420498
2012-07-01,rice,1.3099809594641993,0.4350571184961564,-0.589531919266394,-0.2853919217016489
2012-07-01,wheat,0.9593835669669684,0.4556390200713588,-0.3233579765706559,-0.18038657032495364
2012-08-01,maize,2.9142471177171907,0.9493124179049498,-1.4525960706081034,-0.5123386292041381
2012-08-01,rice,1.6106902858564904,0.24505120279946582,-1.066386237534444,-0.2992528455225804
2012-08-01,wheat,0.703873712516734,0.15975264866677763,-0.2565765230296385,-0.28754454082031794
2012-09-01,maize,0.0,0.0,0.0,0.0
2012-09-01,rice,-3.106930993916008,-0.7175427695600256,1.2648890548517189,1.1244991695042637
2012-09-01,wheat,0.19144055272352692,0.054884785722540255,-0.06582931747738427,-0.07072644952360235
2012-10-01,maize,0.0,0.0,0.0,0.0
2012-10-01,rice,2.1040923175078485,0.7956681547996185,-0.6776918552605671,-0.630732307447663
2012-10-01,wheat,0.05497636444699927,0.034412154919527,-0.022991119414029496,0.0024269098865572214
2012-11-01,maize,0.0,0.0,0.0,0.0
2012-11-01,rice,0.0,0.0,0.0,0.0
2012-11-01,wheat,0.07359723080446012,0.07089458290162051,0.0025032874912842163,-0.005205935394123819
2012-12-01,maize,-0.4088987991973851,-0.027624960254118272,0.16761757999947918,0.2136562589437876
2012-12-01,rice,0.0,0.0,0.0,0.0
2012-12-01,wheat,0.0,0.0,0.0,0.0
2013-01-01,maize,0.5126482703336279,0.030572118517352535,-0.2595586483857574,-0.22251750343051802
2013-01-01,rice,0.0,0.0,0.0,0.0
2013-01-01,wheat,0.0,0.0,0.0,0.0
2013-02-01,maize,0.3674313371372051,0.11244207169860065,-0.1813945865225635,-0.07359467891604096
2013-02-01,rice,0.0,0.0,0.0,0.0
2013-02-01,wheat,0.0,0.0,0.0,0.0
2013-03-01,maize,-0.06684249579804322,0.04536584143748477,0.021710305967875772,0.0904980312676522
2013-03-01,rice,0.0,0.0,0.0,0.0
2013-03-01,wheat,0.0,0.0,0.0,0.0
2013-04-01,maize,-0.37109492949657125,-0.10942759725441426,0.0950909124062177,0.16657641983593932
2013-04-01,rice,0.0,0.0,0.0,0.0
2013-04-01,wheat,-0.04342267997117964,-0.061431310519334,0.06964684101489599,-0.08765547156305036
2013-05-01,maize,0.27024284631224044,0.10081001311171801,-0.1261211092345126,-0.04331172396600981
2013-05-01,rice,0.0,0.0,0.0,0.0
2013-05-01,wheat,-0.16368739469565868,0.002146964783125864,-0.13469789937891435,0.30053225885769874
2013-06-01,maize,-0.3671996761737756,-0.06587450324056597,0.37706891473758203,-0.07574374180437243
2013-06-01,rice,-0.10465901781255277,-0.02801469247440296,0.06303642439038595,0.013607900947763863
2013-06-01,wheat,0.010859906556489662,-0.05413622352532665,0.15089054061030416,-0.21588667069212045
2013-07-01,maize,0.5247528518782651,-0.27211473164027805,-0.3772445289307574,-0.41962305458778587
2013-07-01,rice,-1.7208069755256912,-0.6603749538284662,0.3456897411446614,0.7147422805525636
2013-07-01,wheat,-0.3874430859701693,-0.28972722270077383,0.019448209717647165,0.07826765355174836
2013-08-01,maize,0.928019371185148,-0.23620597180524627,-0.24918486774395285,-0.9150404752464414
2013-08-01,rice,-0.36331498630195636,-0.4136221675231035,0.3768939574364856,-0.42720113865763276
2013-08-01,wheat,-0.02131070583502756,-0.008972109683121454,0.07440147263115221,-0.06206287647924609
2013-09-01,maize,0.0,0.0,0.0,0.0
2013-09-01,rice,-0.7244411256748445,-0.113748323654694,0.16829214026914,0.44240066175101045
2013-09-01,wheat,0.6097757430033651,0.5782828845186943,-0.09486121667145044,0.06336835818677955
2013-10-01,maize,0.0,0.0,0.0,0.0
2013-10-01,rice,-0.03540283167150071,-0.013908863869854932,-0.047219310595364355,0.06871327839701019
2013-10-01,wheat,0.5057957231956934,0.12492417249171162,-0.2122833774772968,-0.16858817322668496
2013-11-01,maize,0.0,0.0,0.0,0.0
2013-11-01,rice,0.0,0.0,0.0,0.0
2013-11-01,wheat,-0.10712532359683992,0.0020832707419627754,0.05447079108435954,0.054737803254443156
2013-12-01,maize,0.7365556000137254,0.44028652994191636,-0.16843899298019124,-0.12783007709161787
2013-12-01,rice,0.0,0.0,0.0,0.0
2013-12-01,wheat,0.0,0.0,0.0,0.0
2014-01-01,maize,0.37714861162502555,0.3450280112884808,-0.07722636038944819,0.045105760052903454
2014-01-01,rice,0.0,0.0,0.0,0.0
2014-01-01,wheat,0.0,0.0,0.0,0.0
2014-02-01,maize,-0.8426549043453792,-0.15870603812729242,0.3670824551420197,0.3168664110760671
2014-02-01,rice,0.0,0.0,0.0,0.0
2014-02-01,wheat,0.0,0.0,0.0,0.0
2014-03-01,maize,-0.2351155249895098,-0.099751062762336,0.05845952418314836,0.07690493804402544
2014-03-01,rice,0.0,0.0,0.0,0.0
2014-03-01,wheat,0.0,0.0,0.0,0.0
2014-04-01,maize,-0.22123528358896793,-0.05964188097010525,0.08596051775723652,0.07563288486162617
2014-04-01,rice,0.0,0.0,0.0,0.0
2014-04-01,wheat,0.7602780524780037,-0.021328608292167085,-0.4747573641035343,-0.30684929666663646
2014-05-01,maize,-0.08566037146939702,-0.043918505927991236,0.0012137411506400674,0.040528124390765724
2014-05-01,rice,0.0,0.0,0.0,0.0
2014-05-01,wheat,0.541798192648336,0.24637051024479634,-0.25514726789160047,-0.0402804145119391
2014-06-01,maize,-2.1072371684095135,-0.5699502957470376,0.4007653756539255,1.1365214970085502
2014-06-01,rice,-0.44989235127902777,-0.12278505832015402,0.14688081261521896,0.18022648034365482
2014-06-01,wheat,-1.0810256865920858,-0.41343098164977465,0.12057279854921066,0.5470219063931004
2014-07-01,maize,0.3315808108443079,-0.5457039213169801,-0.08190788221838965,-0.7953768499428984
2014-07-01,rice,-0.29504102108534846,0.06758195836853637,0.03891513283904942,0.32370784661483537
2014-07-01,wheat,0.33076514445450733,-0.1789232662110992,-0.11917996862655697,-0.39050844203904955
2014-08-01,maize,-1.1663699407418566,-0.3127595449201197,0.05781331741830434,0.7957970784034324
2014-08-01,rice,1.4162530648233635,0.7391587596317964,-0.42944043106248314,-0.24765387412908418
2014-08-01,wheat,-0.5845888380349726,-0.07674914490562629,0.18192208185179534,0.325917611277551
2014-09-01,maize,0.0,0.0,0.0,0.0
2014-09-01,rice,0.8812222907715803,0.4155312025511525,-0.35125846504529545,-0.11443262317513236
2014-09-01,wheat,-0.04686159149151081,0.002697643988805891,0.0077066439952233265,0.04185259148509342
2014-10-01,maize,0.0,0.0,0.0,0.0
2014-10-01,rice,0.5246537739661157,0.3529005400405054,-0.04116488380253568,-0.13058835012307451
2014-10-01,wheat,0.6220807865340537,0.48174403184004433,-0.09865507094489648,-0.041681683749113
2014-11-01,maize,0.0,0.0,0.0,0.0
2014-11-01,rice,0.0,0.0,0.0,0.0
2014-11-01,wheat,0.03235673391890541,0.08453505318325481,-0.0054416501869950775,0.05761996945134448
2014-12-01,maize,-0.1689799736726926,-0.053624070546749295,0.06227830543076459,0.05307759769517869
2014-12-01,rice,0.0,0.0,0.0,0.0
2014-12-01,wheat,0.0,0.0,0.0,0.0
2015-01-01,maize,-0.3688269999767163,-0.06420083255160157,0.14282739281341902,0.16179877461169573
2015-01-01,rice,0.0,0.0,0.0,0.0
2015-01-01,wheat,0.0,0.0,0.0,0.0
2015-02-01,maize,-0.062049830017515545,-0.029081294447060396,-0.06321004992145274,0.09617858549190789
2015-02-01,rice,0.0,0.0,0.0,0.0
2015-02-01,wheat,0.0,0.0,0.0,0.0
2015-03-01,maize,-0.23952263843808683,-0.10785194064508875,0.09224438971174378,0.0394263080812543
2015-03-01,rice,0.0,0.0,0.0,0.0
2015-03-01,wheat,0.0,0.0,0.0,0.0
2015-04-01,maize,-0.37064660522525394,-0.10738351314741229,0.14960209522245074,0.11366099685539091
2015-04-01,rice,0.0,0.0,0.0,0.0
2015-04-01,wheat,-0.08063522820258957,-0.11873275698491766,-0.03179976523241019,-0.006297763549917901
2015-05-01,maize,-0.6464202730211757,-0.1305821699886535,0.26687747324255445,0.2489606297899678
2015-05-01,rice,0.0,0.0,0.0,0.0
2015-05-01,wheat,-0.9857739705923011,-0.27393747352776954,0.31322175094131643,0.3986147461232151
2015-06-01,maize,-1.2959383263577395,-0.07377132162348829,0.5334165000596994,0.6887505046745517
2015-06-01,rice,0.08982002564752074,0.05770240951717146,0.028367677701476163,-0.06048529383182544
2015-06-01,wheat,1.2029051074087422,0.29844285080185595,-0.4913985878171782,-0.41306366878970796
2015-07-01,maize,-1.2952527856365417,-0.1993341250282722,0.7288180339833665,0.36710062662490306
2015-07-01,rice,1.7760355288636036,0.7693585221556734,-0.8738911040022398,-0.13278590270569046
2015-07-01,wheat,-0.0043507633676018904,-0.05811453163192798,-0.12006416882773345,0.06630040056340736
2015-08-01,maize,-0.5548300871682457,-0.6285949533206729,0.023521608008049456,-0.09728647416047673
2015-08-01,rice,1.9999185947555316,1.067848134793677,-0.43322479381983675,-0.49884566614201775
2015-08-01,wheat,-0.16297526919162947,0.051768472144511635,0.14193997070555942,0.07280377063058169
2015-09-01,maize,0.0,0.0,0.0,0.0
2015-09-01,rice,2.8484324987424077,1.338444378569145,-1.0274742985158989,-0.48251382165736373
2015-09-01,wheat,0.23357616823457258,-0.1304688745004909,-0.10404042925594585,-0.26000461347911763
2015-10-01,maize,0.0,0.0,0.0,0.0
2015-10-01,rice,0.8351599994406378,0.618291200225664,-0.20318176288530707,-0.013687036329666724
2015-10-01,wheat,0.5437144978944958,0.2804845565888119,-0.1356731020916963,-0.12755683921398747
2015-11-01,maize,0.0,0.0,0.0,0.0
2015-11-01,rice,0.0,0.0,0.0,0.0
2015-11-01,wheat,-0.20208296204590576,-0.1110010623106413,0.058675188161777324,0.03240671157348715
2015-12-01,maize,0.16056758199324533,0.06667040068291852,-0.06039027241180626,-0.03350690889852056
2015-12-01,rice,0.0,0.0,0.0,0.0
2015-12-01,wheat,0.0,0.0,0.0,0.0
2016-01-01,maize,0.2859208438655663,0.1418934138803098,-0.07338005468099366,-0.07064737530426285
2016-01-01,rice,0.0,0.0,0.0,0.0
2016-01-01,wheat,0.0,0.0,0.0,0.0
2016-02-01,maize,-0.11765945121390306,0.20114538556188832,0.09597839831080171,0.22282643846498965
2016-02-01,rice,0.0,0.0,0.0,0.0
2016-02-01,wheat,0.0,0.0,0.0,0.0
2016-03-01,maize,0.1724311859093747,0.11299914632343724,-0.008372247434555658,-0.051059792151381796
2016-03-01,rice,0.0,0.0,0.0,0.0
2016-03-01,wheat,0.0,0.0,0.0,0.0
2016-04-01,maize,0.9960897788394019,0.44057029987417207,-0.29664950154263686,-0.2588699774225929
2016-04-01,rice,0.0,0.0,0.0,0.0
2016-04-01,wheat,-0.7879791115037,-0.15922549319269794,0.14385638141825338,0.4848972368927488
2016-05-01,maize,0.3123813720287883,0.3039223368888078,-0.08988884685197128,0.08142981171199078
2016-05-01,rice,0.0,0.0,0.0,0.0
2016-05-01,wheat,-1.4333155080374749,-0.32998650240462957,0.4833978273759864,0.6199311782568587
2016-06-01,maize,2.8845192809218254,1.2306792913097415,-0.9306727187515451,-0.7231672708605392
2016-06-01,rice,0.2796752236524593,0.15686116560118485,-0.06319381224566914,-0.059620245805605286
2016-06-01,wheat,0.3666797448066983,0.3581038492225716,0.13483272625635787,-0.14340862184048447
2016-07-01,maize,-0.6654520740704488,-0.11073660720414258,0.21840511040594335,0.3363103564603628
2016-07-01,rice,-0.8998803466120995,0.09998466289582725,0.7390878720375467,0.26077713747038
2016-07-01,wheat,-0.6732710898248865,-0.08049362936524586,0.23188749036553669,0.36088997009410395
2016-08-01,maize,-2.3632214946485104,-0.24958737808009215,0.9241197765563777,1.1895143400120405
2016-08-01,rice,0.6018315606565778,0.6145990167241918,0.1187731330047887,-0.10600567693717494
2016-08-01,wheat,-0.7841429794862715,-0.2569872935405351,0.3186351983208845,0.20852048762485206
2016-09-01,maize,0.0,0.0,0.0,0.0
2016-09-01,rice,0.02529986191394973,0.350466753590975,0.16074880330011343,0.1644180883769118
2016-09-01,wheat,-0.7618447128037062,-0.2274943142337926,0.24329508531496427,0.29105531325494927
2016-10-01,maize,0.0,0.0,0.0,0.0
2016-10-01,rice,-0.979958417906299,0.1699710548679727,0.5481256584185524,0.6018038143557194
2016-10-01,wheat,-0.3927209239047017,-0.14482514899524918,0.1905076416273607,0.05738813328209177
2016-11-01,maize,0.0,0.0,0.0,0.0
2016-11-01,rice,0.0,0.0,0.0,0.0
2016-11-01,wheat,0.09000558799630368,-0.029711113532671245,-0.04066423557032942,-0.0790524659586455
2016-12-01,maize,0.1566909668886584,0.09084690825785127,-0.11939246558295395,0.05354840695214683
2016-12-01,rice,0.0,0.0,0.0,0.0
2016-12-01,wheat,0.0,0.0,0.0,0.0
2017-01-01,maize,-0.21796222286502775,-0.032533148123307515,0.10222882465881024,0.08320025008291
2017-01-01,rice,0.0,0.0,0.0,0.0
2017-01-01,wheat,0.0,0.0,0.0,0.0
2017-02-01,maize,-0.3164162917110066,-0.004385548612798464,0.1563506329035008,0.15568011019470737
2017-02-01,rice,0.0,0.0,0.0,0.0
2017-02-01,wheat,0.0,0.0,0.0,0.0
2017-03-01,maize,0.13545814259981093,0.06878656741928188,-0.026536791089082766,-0.040134784091446274
2017-03-01,rice,0.0,0.0,0.0,0.0
2017-03-01,wheat,0.0,0.0,0.0,0.0
2017-04-01,maize,-0.06693652207439674,-0.02108207457628263,0.006215445554093467,0.03963900194402064
2017-04-01,rice,0.0,0.0,0.0,0.0
2017-04-01,wheat,-0.34853804833909596,-0.09584474111006389,0.13698936816316515,0.11570393906586686
2017-05-01,maize,-0.158994449370959,0.11013980049230257,0.10510626673236081,0.16402798313090072
2017-05-01,rice,0.0,0.0,0.0,0.0
2017-05-01,wheat,0.20434281908196228,0.13065073169683078,0.05625278613065398,-0.12994487351578551
2017-06-01,maize,1.4590206745915837,0.1989494535834824,-0.8384376257109648,-0.42163359529713623
2017-06-01,rice,-0.35427303350890366,-0.16482762212794677,0.10541276539581482,0.08403264598514204
2017-06-01,wheat,1.7676500967277067,0.4522319392126207,-0.8269999807790341,-0.48841817673605187
2017-07-01,maize,0.5130639806513695,0.1466678426602639,-0.1483199351634385,-0.21807620282766713
2017-07-01,rice,-2.7359731225749666,-0.7583179380486962,1.2398114335756563,0.737843750950614
2017-07-01,wheat,1.1418787817508065,0.389851361377657,-0.478903026856651,-0.2731243935164984
2017-08-01,maize,-1.2152074075967683,-0.8398157168562598,0.34420154624497734,0.031190144495530942
2017-08-01,rice,0.2164353341586447,0.7004507341966933,0.5152968836263433,-0.03128148358829452
2017-08-01,wheat,0.5928117827472311,-0.04367643976234292,-0.3325122326794201,-0.30397598983015395
2017-09-01,maize,0.0,0.0,0.0,0.0
2017-09-01,rice,2.9376637899798066,1.6605012486312458,-0.48696153479035154,-0.7902010065582089
2017-09-01,wheat,0.17566850038090165,0.18174514469895503,-0.03564374617344343,0.041720390491496756
2017-10-01,maize,0.0,0.0,0.0,0.0
2017-10-01,rice,-0.41364518618268753,0.13422819547569456,0.3554507370186451,0.19242264463973704
2017-10-01,wheat,-0.13173157819269304,-0.14559716282832358,0.021029138798689933,-0.03489472343432045
2017-11-01,maize,0.0,0.0,0.0,0.0
2017-11-01,rice,0.0,0.0,0.0,0.0
2017-11-01,wheat,0.1570944597407719,0.01604310363051424,-0.05993017421847581,-0.08112118189178184
2017-12-01,maize,0.43851629984181867,0.19084466450369142,-0.16170557371684094,-0.08596606162128632
2017-12-01,rice,0.0,0.0,0.0,0.0
2017-12-01,wheat,0.0,0.0,0.0,0.0
2018-01-01,maize,0.59147778181116,0.17433437926667408,-0.2091832903081315,-0.20796011223635436
2018-01-01,rice,0.0,0.0,0.0,0.0
2018-01-01,wheat,0.0,0.0,0.0,0.0
2018-02-01,maize,1.0506426955088337,0.4318917961928307,-0.3771622156077225,-0.2415886837082807
2018-02-01,rice,0.0,0.0,0.0,0.0
2018-02-01,wheat,0.0,0.0,0.0,0.0
2018-03-01,maize,0.0999794865134913,0.08324319703399549,0.012600436611094123,-0.029336726090589935
2018-03-01,rice,0.0,0.0,0.0,0.0
2018-03-01,wheat,0.0,0.0,0.0,0.0
2018-04-01,maize,0.02971574605367613,-0.04179037160477162,-0.021600266957553103,-0.04990585070089465
2018-04-01,rice,0.0,0.0,0.0,0.0
2018-04-01,wheat,0.6273262228162363,0.18478447885121604,-0.1305236684467333,-0.3120180755182869
2018-05-01,maize,0.339950562101199,0.07284102705946766,-0.16307529196171663,-0.1040342430800147
2018-05-01,rice,0.0,0.0,0.0,0.0
2018-05-01,wheat,1.1134188688152344,0.379140624181921,-0.49715129381770695,-0.2371269508156063
2018-06-01,maize,0.9626790820413827,1.1959971041648456,-0.05832146011042453,0.2916394822338873
2018-06-01,rice,0.25450443855854316,0.13808089743871443,-0.05726649931323014,-0.05915704180659858
2018-06-01,wheat,1.1551137784628052,0.2513860597219381,-0.5638728479626304,-0.33985487077823656
2018-07-01,maize,0.3813348454287838,-0.11334911951773396,-0.09189259799199852,-0.4027913669545193
2018-07-01,rice,-1.480501789304302,-0.4617588217849676,0.5541722242145166,0.46457074330481757
2018-07-01,wheat,-0.10274197316528547,-0.0656479343779797,-0.11459601777532427,0.15169005656263002
2018-08-01,maize,-1.6790841215019359,-0.2083592381991468,0.8734830853950624,0.5972417979077269
2018-08-01,rice,-0.5933246049312828,-0.5324670600272116,0.8405317363585267,-0.7796741914544557
2018-08-01,wheat,0.6099377892492461,0.16368957466998574,-0.32968958490500255,-0.11655862967425788
2018-09-01,maize,0.0,0.0,0.0,0.0
2018-09-01,rice,1.249652479039379,0.5897875459009969,-0.30393284770077783,-0.3559320854376044
2018-09-01,wheat,0.25162700166431384,-0.03917128741513656,-0.17066331467929632,-0.1201349744001541
2018-10-01,maize,0.0,0.0,0.0,0.0
2018-10-01,rice,2.3393798537423347,1.12423885933544,-0.5607448890564202,-0.6543961053504745
2018-10-01,wheat,-0.06837600536558074,-0.048769887088868855,-0.011186395151937392,0.030792513428649276
2018-11-01,maize,0.0,0.0,0.0,0.0
2018-11-01,rice,0.0,0.0,0.0,0.0
2018-11-01,wheat,-0.20629508357761459,-0.02026034785752934,0.06610466184629478,0.11993007387379048
2018-12-01,maize,0.025224848514920406,0.02683317861628603,-0.021067312308353903,0.022675642409719497
2018-12-01,rice,0.0,0.0,0.0,0.0
2018-12-01,wheat,0.0,0.0,0.0,0.0
2019-01-01,maize,-0.7819707839344634,-0.07254104737469305,0.26967116805740454,0.43975856850236594
2019-01-01,rice,0.0,0.0,0.0,0.0
2019-01-01,wheat,0.0,0.0,0.0,0.0
2019-02-01,maize,0.21335092805570136,0.08822097271075618,-0.035018870172700306,-0.09011108517224488
2019-02-01,rice,0.0,0.0,0.0,0.0
2019-02-01,wheat,0.0,0.0,0.0,0.0
2019-03-01,maize,-0.02170265801056693,0.022744256214136338,0.010676493694520364,0.0337704205301829
2019-03-01,rice,0.0,0.0,0.0,0.0
2019-03-01,wheat,0.0,0.0,0.0,0.0
2019-04-01,maize,-0.2731641225622802,-0.02881627905179667,0.06388332571328129,0.1804645177972022
2019-04-01,rice,0.0,0.0,0.0,0.0
2019-04-01,wheat,-0.011363897450772736,-0.09664216956897913,-0.09459361976016413,0.009315347641957746
2019-05-01,maize,0.042672340194540914,0.14842926016876856,0.0584178293050529,0.047339090669174744
2019-05-01,rice,0.0,0.0,0.0,0.0
2019-05-01,wheat,-1.229018253512603,-0.27631490792393315,0.3944476965716094,0.5582556490170606
2019-06-01,maize,-1.0846811370320848,-0.32028313503356454,0.7273029569289046,0.03709504506961572
2019-06-01,rice,-0.27699276555840474,-0.09626468296926223,0.03088277207558967,0.14984531051355288
2019-06-01,wheat,1.5905907752791562,0.7175126606371045,-0.38524335809954136,-0.48783475654251024
2019-07-01,maize,-0.13726096640910268,-0.1720372575307177,0.08168679706395301,-0.11646308818556807
2019-07-01,rice,2.518467673300209,1.1834314849729968,-0.9410343262958117,-0.39400186203140025
2019-07-01,wheat,-0.32605043744258516,-0.2257483176461422,-0.003312289611542507,0.10361440940798548
2019-08-01,maize,-1.2757336408587654,-0.47632303476123916,0.4026978024017474,0.3967128036957789
2019-08-01,rice,-0.9564402488414796,0.11084956317586007,0.32473900026694763,0.7425508117503922
2019-08-01,wheat,0.0939074668596474,-0.2017531921157345,-0.20041664197344392,-0.09524401700193802
2019-09-01,maize,0.0,0.0,0.0,0.0
2019-09-01,rice,0.32768781037509576,0.34988308717332556,-0.303030413501589,0.3252256902998188
2019-09-01,wheat,0.960116409309675,0.38823038750760297,-0.29425915087139637,-0.2776268709306758
2019-10-01,maize,0.0,0.0,0.0,0.0
2019-10-01,rice,2.9469290381781668,1.150422765813864,-0.9557138925964253,-0.8407923797678778
2019-10-01,wheat,0.7821540011863961,0.31057374947557986,-0.2752070520892522,-0.19637319962156405
2019-11-01,maize,0.0,0.0,0.0,0.0
2019-11-01,rice,0.0,0.0,0.0,0.0
2019-11-01,wheat,0.15271834712809856,0.049310350522486834,-0.05607477657108805,-0.04733322003452368
2019-12-01,maize,0.06533243914957229,0.05376167771338559,-0.06318948058513811,0.0516187191489514
2019-12-01,rice,0.0,0.0,0.0,0.0
2019-12-01,wheat,0.0,0.0,0.0,0.0
2020-01-01,maize,-0.13469256936272328,-0.12838622897687146,0.05442828342634441,-0.04812194304049259
2020-01-01,rice,0.0,0.0,0.0,0.0
2020-01-01,wheat,0.0,0.0,0.0,0.0
2020-02-01,maize,0.20874985530693566,0.07958750034198309,-0.10483403332983261,-0.02432832163511995
2020-02-01,rice,0.0,0.0,0.0,0.0
2020-02-01,wheat,0.0,0.0,0.0,0.0
2020-03-01,maize,0.6256188797820869,0.18643768078699735,-0.28437010344897035,-0.15481109554611927
2020-03-01,rice,0.0,0.0,0.0,0.0
2020-03-01,wheat,0.0,0.0,0.0,0.0
2020-04-01,maize,0.22923582005184748,0.025773263000342363,-0.12627116559131202,-0.07719139146019308
2020-04-01,rice,0.0,0.0,0.0,0.0
2020-04-01,wheat,0.9290561753937779,-0.03265088538491673,-0.5323158512887785,-0.42939120948991627
2020-05-01,maize,0.03280598952896099,-0.06913383355303009,-0.06244451710052221,-0.03949530598146886
2020-05-01,rice,0.0,0.0,0.0,0.0
2020-05-01,wheat,0.14258214490004179,-0.1571720902665096,-0.29016105357358163,-0.009593181592969707
2020-06-01,maize,1.3310039798365807,0.493679893680375,-0.5736895410263084,-0.263634545129897
2020-06-01,rice,-0.2370973776813226,-0.06768866178196092,0.03794678708935762,0.13146192881000404
2020-06-01,wheat,1.1400947341026435,0.5161152500801215,-0.6659809318303933,0.04200144780787126
2020-07-01,maize,-0.2278717667595484,-0.0019706674297643723,-0.07336767055113116,0.2992687698809152
2020-07-01,rice,2.7167922660928934,1.3768678747415644,-0.39566765443114665,-0.9442567369201824
2020-07-01,wheat,0.3940723791632773,0.15969748638274775,-0.12491108853947078,-0.10946380424105877
2020-08-01,maize,1.265796776780562,-0.21874797958080622,-0.6325246806382345,-0.8520200757231339
2020-08-01,rice,1.0090627471812423,0.7649197988924569,-0.448074656315527,0.2039317080267417
2020-08-01,wheat,0.49024880052989217,0.22080701719175286,-0.1558310069887296,-0.11361077634940966
2020-09-01,maize,0.0,0.0,0.0,0.0
2020-09-01,rice,1.9525587827467892,1.385824395371122,-0.3736383872000073,-0.19309600017565998
2020-09-01,wheat,0.1987509659674564,0.10829492623985981,-0.08566717617577653,-0.004788863551820033
2020-10-01,maize,0.0,0.0,0.0,0.0
2020-10-01,rice,-2.401143338327476,-0.758850071832923,0.5496773235409493,1.0926159429536035
2020-10-01,wheat,0.024143749636718392,0.11024153720142693,-0.014574198775128458,0.10067198633983697
2020-11-01,maize,0.0,0.0,0.0,0.0
2020-11-01,rice,0.0,0.0,0.0,0.0
2020-11-01,wheat,0.2547620456511388,0.025058117613312225,-0.13744060211110629,-0.09226332592672032
2020-12-01,maize,0.2989131479223269,0.04456304368750587,-0.15766505292191646,-0.09668505131290459
2020-12-01,rice,0.0,0.0,0.0,0.0
2020-12-01,wheat,0.0,0.0,0.0,0.0
2021-01-01,maize,-0.2077340900131694,-0.023435557736949914,-0.019195334217445646,0.2034938664936651
2021-01-01,rice,0.0,0.0,0.0,0.0
2021-01-01,wheat,0.0,0.0,0.0,0.0
2021-02-01,maize,0.05220362512173006,-0.12625284816167245,-0.0044991268434658865,-0.17395734643993663
2021-02-01,rice,0.0,0.0,0.0,0.0
2021-02-01,wheat,0.0,0.0,0.0,0.0
2021-03-01,maize,0.3624998832354201,0.06979415052922586,-0.1847920659134222,-0.10791366679277206
2021-03-01,rice,0.0,0.0,0.0,0.0
2021-03-01,wheat,0.0,0.0,0.0,0.0
2021-04-01,maize,0.32078182202349104,-0.019491648723846185,-0.23662918148909726,-0.10364428925823997
2021-04-01,rice,0.0,0.0,0.0,0.0
2021-04-01,wheat,0.5036214894138737,-0.09495333360996226,-0.33069550662131564,-0.2678793164025204
2021-05-01,maize,0.5108855521067704,0.10366965162123166,-0.1904008160901367,-0.2168150843954021
2021-05-01,rice,0.0,0.0,0.0,0.0
2021-05-01,wheat,-0.8787836903978323,-0.15266209613380316,0.37715300214804437,0.3489685921159848
2021-06-01,maize,1.830712204937631,1.2473479294434633,-0.7093775647636655,0.12601328926949779
2021-06-01,rice,-0.2566675776226698,0.003549643646462312,0.1153392700281221,0.14487795124101
2021-06-01,wheat,2.9241960165698577,2.1484000865485595,-0.580761779507469,-0.19503415051382922
2021-07-01,maize,-0.5071013664066697,-0.2526264885075545,0.26711960718854016,-0.012644729289424853
2021-07-01,rice,0.3514736270400617,0.459714858926191,-0.04517692640655821,0.15341815829268746
2021-07-01,wheat,1.9353374426959908,0.7754962652671541,-0.6975442349795337,-0.4622969424493032
2021-08-01,maize,-0.22232995683713286,0.15919716375537898,-0.24911909318932057,0.6306462137818325
2021-08-01,rice,3.8508611032410265,1.6933423328247434,-1.3585061320577712,-0.7990126383585116
2021-08-01,wheat,0.4063693772141335,0.2769226360770471,-0.159979256751078,0.030532515613991562
2021-09-01,maize,0.0,0.0,0.0,0.0
2021-09-01,rice,-3.0407971705950323,-0.5057050551457287,1.2196488633881069,1.3154432520611972
2021-09-01,wheat,-0.06823491897714527,-0.11117003728829668,-0.06366882386541232,0.020733705554260927
2021-10-01,maize,0.0,0.0,0.0,0.0
2021-10-01,rice,-1.3599224782037327,-0.06909634909031917,0.48583844032765394,0.8049876887857595
2021-10-01,wheat,0.4572385897149086,0.24041628959759653,-0.11811503674953777,-0.09870726336777436
2021-11-01,maize,0.0,0.0,0.0,0.0
2021-11-01,rice,0.0,0.0,0.0,0.0
2021-11-01,wheat,0.06805019300894127,0.06442669442421825,-0.015202285588886581,0.011578787004163567
2021-12-01,maize,0.534988819426902,0.22309226051727457,-0.1340177051638673,-0.17787885374576004
2021-12-01,rice,0.0,0.0,0.0,0.0
2021-12-01,wheat,0.0,0.0,0.0,0.0
2022-01-01,maize,0.3772064014911153,0.38470727587946063,-0.0522183709534841,0.059719245341829354
2022-01-01,rice,0.0,0.0,0.0,0.0
2022-01-01,wheat,0.0,0.0,0.0,0.0
2022-02-01,maize,0.22260385875827826,0.05271579631476461,-0.12455672620602018,-0.04533133623749348
2022-02-01,rice,0.0,0.0,0.0,0.0
2022-02-01,wheat,0.0,0.0,0.0,0.0
2022-03-01,maize,0.3268544010208234,0.040876597296802694,-0.22407397682279312,-0.0619038269012276
2022-03-01,rice,0.0,0.0,0.0,0.0
2022-03-01,wheat,0.0,0.0,0.0,0.0
2022-04-01,maize,0.5032606740056962,0.11806540753498197,-0.17912516643305418,-0.20607010003766013
2022-04-01,rice,0.0,0.0,0.0,0.0
2022-04-01,wheat,1.193542574790724,0.47259970756460234,-0.45068064510921196,-0.27026222211690987
2022-05-01,maize,0.47272804703129956,0.11985085655818402,-0.2014447248137251,-0.1514324656593904
2022-05-01,rice,0.0,0.0,0.0,0.0
2022-05-01,wheat,1.2542848374969537,0.6088597440751643,-0.3932982209191248,-0.25212687250266463
2022-06-01,maize,3.1975247647730836,1.627625351748126,-0.6693945630525947,-0.9005048499723627
2022-06-01,rice,0.43183862356895214,0.23544252503795532,-0.15188244320554645,-0.04451365532545039
2022-06-01,wheat,1.941107830274515,0.9753012806165288,-0.5172568201745921,-0.44854972948339433
2022-07-01,maize,0.9255971564174958,0.42854295902476536,-0.5252447816563596,0.028190584263629116
2022-07-01,rice,-1.2910159340870961,0.15587221432017823,0.5721346507024996,0.8747534977047747
2022-07-01,wheat,0.13657737393321406,-0.034801744827446975,-0.17261964215476258,0.0012405233941015018
2022-08-01,maize,0.5800132792320416,0.3714284792530948,-0.15100761680077027,-0.05757718317817651
2022-08-01,rice,-1.7897437586167637,-0.0808064868424084,0.9322779991209662,0.7766592726533892
2022-08-01,wheat,0.3314346962381418,0.1998216592386624,-0.06396455593755024,-0.06764848106192917
2022-09-01,maize,0.0,0.0,0.0,0.0
2022-09-01,rice,-2.0845904312207404,-0.20756528774869681,0.7750094944891525,1.1020156489828914
2022-09-01,wheat,-0.4648593854495574,-0.23721390177251278,0.0896334558561449,0.13801202782089972
2022-10-01,maize,0.0,0.0,0.0,0.0
2022-10-01,rice,-0.1550607126295339,-0.38552625976905236,-0.032673390501096466,-0.197792156638422
2022-10-01,wheat,-1.1169828027937079,-0.2053376662588634,0.25151438996290765,0.6601307465719368
2022-11-01,maize,0.0,0.0,0.0,0.0
2022-11-01,rice,0.0,0.0,0.0,0.0
2022-11-01,wheat,0.5643917569250843,0.35202771078215833,-0.13741972323468923,-0.07494432290823674
2022-12-01,maize,0.7916329316026101,0.3633050670519781,-0.24204998231524488,-0.18627788223538688
2022-12-01,rice,0.0,0.0,0.0,0.0
2022-12-01,wheat,0.0,0.0,0.0,0.0
2023-01-01,maize,0.8576317333055167,0.49359124301007423,-0.24091548390174336,-0.12312500639369911
2023-01-01,rice,0.0,0.0,0.0,0.0
2023-01-01,wheat,0.0,0.0,0.0,0.0
2023-02-01,maize,0.9858695504396104,0.5547541008196131,-0.250644069012514,-0.18047138060748336
2023-02-01,rice,0.0,0.0,0.0,0.0
2023-02-01,wheat,0.0,0.0,0.0,0.0
2023-03-01,maize,0.0771940414694402,-0.011888266796980003,-0.03813333228009267,-0.050948975986327534
2023-03-01,rice,0.0,0.0,0.0,0.0
2023-03-01,wheat,0.0,0.0,0.0,0.0
2023-04-01,maize,-0.1198973131236785,-0.08702668329459323,0.023762343278975098,0.009108286550110162
2023-04-01,rice,0.0,0.0,0.0,0.0
2023-04-01,wheat,0.5078800006631203,-0.00891284915652341,-0.28987828856144604,-0.22691456125819776
2023-05-01,maize,0.3996531054210168,0.06134273131415011,-0.12675428133929387,-0.2115560927675728
2023-05-01,rice,0.0,0.0,0.0,0.0
2023-05-01,wheat,-0.24310503559415647,-0.2826139772225238,0.045479369960741936,-0.08498831158910926
2023-06-01,maize,2.6000120090694487,0.040208180688137564,-1.6175387936956154,-0.9422650346856958
2023-06-01,rice,0.015284024528947811,0.029013768983399506,-0.08061882558799674,0.09434857004244844
2023-06-01,wheat,0.8578939352708432,-0.01461373692791379,-0.5665848627179845,-0.30592280948077244
2023-07-01,maize,-0.5184068668193929,-0.15468109176150632,0.0763282260527095,0.2873975490051771
2023-07-01,rice,-0.6074654883054471,0.389480430105558,0.5642217553923033,0.43272416301870176
2023-07-01,wheat,0.6756978948989005,0.10562817672725466,-0.2946417126265188,-0.275428005545127
2023-08-01,maize,0.7434535558042726,0.6701035448059005,0.04342572627067837,-0.11677573726905041
2023-08-01,rice,5.288909874298527,2.1088771524398804,-1.7285025444241775,-1.4515301774344698
2023-08-01,wheat,0.5163718186950336,0.3522774062411617,-0.15280013819653626,-0.01129427425733559
2023-09-01,maize,0.0,0.0,0.0,0.0
2023-09-01,rice,-0.7821850203418912,0.3061256903394026,0.5076725570040594,0.5806381536772344
2023-09-01,wheat,1.0542357323672018,0.573965483342243,-0.24065792968411773,-0.23961231934084123
2023-10-01,maize,0.0,0.0,0.0,0.0
2023-10-01,rice,-0.31165193180968576,0.46905322996046084,0.35869729579690923,0.4220078659732373
2023-10-01,wheat,0.6367078640644561,0.03151362237173225,-0.3428289072154177,-0.2623653344773062
2023-11-01,maize,0.0,0.0,0.0,0.0
2023-11-01,rice,0.0,0.0,0.0,0.0
2023-11-01,wheat,0.0947510802413778,0.05720395782057028,-0.052364276956183106,0.0148171545353756
2023-12-01,maize,-0.3561903564874993,-0.07355184285470742,0.1545575893738235,0.12808092425896841
2023-12-01,rice,0.0,0.0,0.0,0.0
2023-12-01,wheat,0.0,0.0,0.0,0.0
2024-01-01,maize,-0.043490890971517544,-0.13719659479835253,-0.03551422218272079,-0.0581914816441142
2024-01-01,rice,0.0,0.0,0.0,0.0
2024-01-01,wheat,0.0,0.0,0.0,0.0
2024-02-01,maize,0.6126901000888797,0.4587141658248144,-0.11915980023134286,-0.03481613403272252
2024-02-01,rice,0.0,0.0,0.0,0.0
2024-02-01,wheat,0.0,0.0,0.0,0.0
2024-03-01,maize,0.6951250206980915,0.3302486833722704,-0.2788178480905355,-0.0860584892352856
2024-03-01,rice,0.0,0.0,0.0,0.0
2024-03-01,wheat,0.0,0.0,0.0,0.0
2024-04-01,maize,0.026350197551876717,0.10453000036017394,0.00895682957609881,0.0692229732321984
2024-04-01,rice,0.0,0.0,0.0,0.0
2024-04-01,wheat,-0.2352607521516729,-0.11306322613064759,0.018805129199128745,0.10339239682189652
2024-05-01,maize,0.9428624740975764,0.4463740945587074,-0.24295061792081762,-0.2535377616180513
2024-05-01,rice,0.0,0.0,0.0,0.0
2024-05-01,wheat,-0.5662629948887337,-0.1719288381577985,0.13211730740445898,0.26221684932647604
2024-06-01,maize,0.3423288773840361,0.5267568670286602,0.017093801605001836,0.16733418803962233
2024-06-01,rice,0.06717488725364495,0.08492724570976187,0.07873394375664845,-0.06098158530053153
2024-06-01,wheat,-0.2140916699604294,0.08669747274143692,0.14327151801205967,0.15751762468980662
2024-07-01,maize,-1.136680478400754,-0.23408328505436546,0.34241609448958854,0.5601810988568
2024-07-01,rice,-2.185511920334921,-0.15329899315602302,1.1394628646682896,0.8927500625106083
2024-07-01,wheat,1.1313886241113007,0.494652369535048,-0.3214144895309383,-0.31532176504531456
2024-08-01,maize,0.8775971636731776,0.3508910099675656,-0.024552091211925767,-0.5021540624936862
2024-08-01,rice,1.618926385580062,1.4486200496607573,-0.011745879232480536,-0.15856045668682425
2024-08-01,wheat,0.6639937700190081,0.8353864710908954,0.11108675971618506,0.06030594135570235
2024-09-01,maize,0.0,0.0,0.0,0.0
2024-09-01,rice,-0.11744467037199066,0.5943695964400476,0.34946943350288784,0.36234483330915046
2024-09-01,wheat,0.48706108439302565,0.08178959294451553,-0.1856181680595929,-0.2196533233889172
2024-10-01,maize,0.0,0.0,0.0,0.0
2024-10-01,rice,0.41942820970614264,0.5371680064134258,0.03827810400150339,0.07946169270577963
2024-10-01,wheat,0.43522340975886853,0.19346584347792778,-0.14022814635069658,-0.10152941993024422
2024-11-01,maize,0.0,0.0,0.0,0.0
2024-11-01,rice,0.0,0.0,0.0,0.0
2024-11-01,wheat,-0.06792165836803257,0.04787737030867339,-0.005639643153155595,0.12143867182986157
2024-12-01,maize,0.2193548543508998,-0.04156219306805638,-0.10465849428854647,-0.15625855313040968
2024-12-01,rice,0.0,0.0,0.0,0.0
2024-12-01,wheat,0.0,0.0,0.0,0.0
2025-01-01,maize,0.8240109549458459,0.31355297522758446,-0.2748153747454229,-0.23564260497283845
2025-01-01,rice,0.0,0.0,0.0,0.0
2025-01-01,wheat,0.0,0.0,0.0,0.0
2025-02-01,maize,0.6527675871363451,0.6960725591332033,-0.0852708100625416,0.12857578205939998
2025-02-01,rice,0.0,0.0,0.0,0.0
2025-02-01,wheat,0.0,0.0,0.0,0.0
2025-03-01,maize,0.882521604685077,0.22820547165732835,-0.46059182178032243,-0.19372431124742626
2025-03-01,rice,0.0,0.0,0.0,0.0
2025-03-01,wheat,0.0,0.0,0.0,0.0
2025-04-01,maize,-0.2990750959927411,-0.08040180834796783,0.07973182774276492,0.13894145990200835
2025-04-01,rice,0.0,0.0,0.0,0.0
2025-04-01,wheat,-8.558532788371931e-05,0.13037515662928145,-0.15602862490720887,0.28648936686437404
2025-05-01,maize,0.17447106380612412,0.04664124745858532,-0.009947776482282986,-0.11788203986525582
2025-05-01,rice,0.0,0.0,0.0,0.0
2025-05-01,wheat,0.35643236519333643,-0.01586476811032131,-0.2833507430623919,-0.0889463902412658
2025-06-01,maize,-0.012809569860617404,0.4096735073233868,0.19682178002095727,0.22566129716304695
2025-06-01,rice,-0.20224269509104578,0.01813139774894633,0.14366624718990464,0.07670784565008748
2025-06-01,wheat,1.081029970269514,0.5330963593146936,-0.476235450821452,-0.0716981601333685
2025-07-01,maize,-1.3669051295616623,-0.05054091372805279,0.5768383912354141,0.7395258245981956
2025-07-01,rice,-1.1215724136174456,-0.36393554821431273,0.6292048150801517,0.1284320503229811
2025-07-01,wheat,0.37205841926157357,0.18746943187693407,-0.14650440808533055,-0.03808457929930889
2025-08-01,maize,0.6408524760270042,-0.17017398591982594,-0.1607075543419153,-0.650318907604915
2025-08-01,rice,1.501689796303191,0.7623207567388308,-0.8541786696077107,0.11480963004335071
2025-08-01,wheat,-0.7858198959372742,-0.23376756685817002,0.31276744155726416,0.23928488752184002
2025-09-01,maize,0.0,0.0,0.0,0.0
2025-09-01,rice,-1.7914924148735958,-0.20090565477911015,0.9649886393961865,0.6255981206982995
2025-09-01,wheat,-0.20199860980412518,-0.13145358773161736,0.0783670441445493,-0.007822022072041503
2025-10-01,maize,0.0,0.0,0.0,0.0
2025-10-01,rice,-0.007158799707829427,0.18713900540533895,0.18956281967940491,0.0047349854337634945
2025-10-01,wheat,0.30401235874365257,0.16979027203162828,-0.11449680179099123,-0.019725284921033072
2025-11-01,maize,0.0,0.0,0.0,0.0
2025-11-01,rice,0.0,0.0,0.0,0.0
2025-11-01,wheat,0.019694813352714162,0.030244804418353467,0.0029512533994005465,0.00759873766623876
2025-12-01,maize,0.17020928926777512,0.13937423699640034,0.02247610643767292,-0.05331115870904773
2025-12-01,rice,0.0,0.0,0.0,0.0
2025-12-01,wheat,0.0,0.0,0.0,0.0
2026-01-01,maize,0.5487472247444204,0.10679591321360506,-0.23773360961286819,-0.2042177019179472
2026-01-01,rice,0.0,0.0,0.0,0.0
2026-01-01,wheat,0.0,0.0,0.0,0.0
2026-02-01,maize,0.3450111246795918,0.08651060981360065,-0.1736905803065656,-0.08480993455942558
2026-02-01,rice,0.0,0.0,0.0,0.0
2026-02-01,wheat,0.0,0.0,0.0,0.0
2026-03-01,maize,0.19269453914229975,0.08873788926812294,-0.08332621428935812,-0.02063043558481868
2026-03-01,rice,0.0,0.0,0.0,0.0
2026-03-01,wheat,0.0,0.0,0.0,0.0
2026-04-01,maize,0.10841102900552489,0.02840922742174941,-0.09502480628185964,0.01502300469808415
2026-04-01,rice,0.0,0.0,0.0,0.0
2026-04-01,wheat,0.6572465635915741,0.05087584389177764,-0.3876731334902116,-0.21869758620958482
2026-05-01,maize,0.2516971544979076,0.1106759594350033,-0.08799274975617777,-0.053028445306726506
2026-05-01,rice,0.0,0.0,0.0,0.0
2026-05-01,wheat,5.404690427503216,5.012082527650083,-0.3791826990402806,-0.013425200812852915
2026-06-01,maize,-1.105609482358466,-0.3055776412362757,0.11728847111816373,0.6827433700040265
2026-06-01,rice,-0.250969073248479,-0.03123344590703104,0.10471022833316605,0.1150253990082819
2026-06-01,wheat,1.7613061704790727,1.9581601880609871,-0.2803062625462352,0.4771602801281493
2026-07-01,maize,0.10967965729646362,0.13947017049002558,-0.05490829355031876,0.08469880674388068
2026-07-01,rice,0.2346805364639114,0.39746070982616155,0.01716912464331094,0.1456110487189393
2026-07-01,wheat,0.49975185185894766,0.411317503803757,-0.07609708304020925,-0.012337265014981474
2026-08-01,maize,-0.7077050383636303,0.12137205775072024,0.6082189589503324,0.22085813716401825
2026-08-01,rice,1.0351109434035002,0.6033052828375659,-0.0028793900724637944,-0.4289262704934705
2026-08-01,wheat,-0.36711510707124934,-0.07646727100438565,0.034146705007001316,0.2565011310598624
2026-09-01,maize,0.0,0.0,0.0,0.0
2026-09-01,rice,0.03505896593067509,0.2667044674535551,0.23164550152288,0.0
2026-09-01,wheat,0.1909708253941257,0.16236296533117828,-0.028607860062947417,0.0
