instrument,h,beta,se,t,F,n,variant
Zv,0,0.00682127346549272,0.0032017726453537443,2.130467781774392,4.5388929691787,1013,V1 composite
Zv,1,0.012017373478694408,0.005370541316462389,2.2376465928783382,5.0070622746200355,1010,V1 composite
Zv,2,0.009477510055805383,0.006409289202626515,1.478714683669059,2.1865971156984854,1007,V1 composite
Zv,3,0.008707969276216393,0.0073449579961434985,1.1855710108605861,1.405578621792992,1004,V1 composite
Zv,4,0.012011212753998704,0.007906498664044364,1.5191569953234747,2.307837976440248,1001,V1 composite
Zv,5,0.011933525614828055,0.008525903778335042,1.399678664583576,1.9591003640904625,998,V1 composite
Zv,6,0.012389926359142057,0.00905393273113935,1.3684579648498123,1.8726772015608901,995,V1 composite
Zv,7,0.01429937968622809,0.009291852771392667,1.5389158694219056,2.36826205315858,992,V1 composite
Zv,8,0.015347079897509055,0.009598301724711995,1.598937013825699,2.5565995741818437,989,V1 composite
Zv,9,0.0138438896663031,0.009825967829042638,1.4089085072500116,1.985023181801456,986,V1 composite
Zv,10,0.015855158719499954,0.010341378554114114,1.5331765138016624,2.3506302224730193,983,V1 composite
Zv,11,0.016566190309583055,0.0115383024528944,1.435756288866167,2.0613961210187486,980,V1 composite
Zv,12,0.01203066744734609,0.012055017592691819,0.9979800821393666,0.9959642443468969,977,V1 composite
Zv,0,0.015097112009792153,0.00754435390009726,2.0011139734043395,4.004457134554103,1013,V2 heat
Zv,1,0.029471455031352106,0.01385432627433554,2.1272384125922117,4.525143264007832,1010,V2 heat
Zv,2,0.04049926604268761,0.012942517525251497,3.1291644738878293,9.791670304641695,1007,V2 heat
Zv,3,0.04756167330426396,0.017824120234082936,2.6683882671144383,7.1202959440739955,1004,V2 heat
Zv,4,0.06149861093113482,0.01846616803646389,3.33033961402808,11.0911619447647,1001,V2 heat
Zv,5,0.06149129130689722,0.019519755404832948,3.150208085684948,9.923810983114826,998,V2 heat
Zv,6,0.06310101226329015,0.021367085011304403,2.9531876823584557,8.721317487233707,995,V2 heat
Zv,7,0.06578393066765689,0.02272256000652094,2.8950932750877616,8.381565071458382,992,V2 heat
Zv,8,0.06955113927463571,0.024253266660654603,2.867701916107927,8.223714279649077,989,V2 heat
Zv,9,0.0650561824257151,0.02540421611550543,2.560841953553062,6.557911511077464,986,V2 heat
Zv,10,0.07089679555753613,0.028317545941766015,2.503634873704549,6.2681875808295935,983,V2 heat
Zv,11,0.06899871753143515,0.03171702198310883,2.1754475425902533,4.732572010561972,980,V2 heat
Zv,12,0.05401374307616519,0.032781213041790165,1.6477042203199546,2.7149291976601893,977,V2 heat
Zv,0,0.016898437228839488,0.008343589537514611,2.025319816232618,4.101920358024525,827,"V3 heat, 2000+"
Zv,1,0.029798340383278114,0.01540726342655959,1.9340449733539749,3.7405299589557774,824,"V3 heat, 2000+"
Zv,2,0.04267601862467715,0.013440399734770875,3.1752045673368263,10.081924044436642,821,"V3 heat, 2000+"
Zv,3,0.052383864680142334,0.018230184758281757,2.8734686661003237,8.256822175060373,818,"V3 heat, 2000+"
Zv,4,0.06627327093888927,0.0191006625844511,3.4696843968564233,12.038709813788921,815,"V3 heat, 2000+"
Zv,5,0.06779089483217021,0.02016611143068584,3.3616245286146706,11.300519471383806,812,"V3 heat, 2000+"
Zv,6,0.06537794635587973,0.02263983139171926,2.887739984662269,8.33904221901724,809,"V3 heat, 2000+"
Zv,7,0.06662211574814107,0.02397645850402754,2.778647052355541,7.720879441564137,806,"V3 heat, 2000+"
Zv,8,0.0666270393853482,0.026313759753180548,2.5320227899889893,6.411139409023626,803,"V3 heat, 2000+"
Zv,9,0.05807485027042389,0.027961121920883302,2.076985695879734,4.313869580889023,800,"V3 heat, 2000+"
Zv,10,0.06204340266080656,0.03025513261818604,2.0506736309432974,4.205262340646167,797,"V3 heat, 2000+"
Zv,11,0.05902408392002593,0.03290728660874918,1.7936478513647183,3.2171726147052704,794,"V3 heat, 2000+"
Zv,12,0.03925787650600745,0.033572834049572384,1.169334600946728,1.3673434089712437,791,"V3 heat, 2000+"
Zv,0,0.012008032618137104,0.010138285265102322,1.1844244173588965,1.4028612004359613,1013,"V4 heat, season-cumulative"
Zv,1,0.032033820984005736,0.016351908328265382,1.9590264537279178,3.837784646405782,1010,"V4 heat, season-cumulative"
Zv,2,0.050499585872776934,0.01695004708825925,2.979318323413766,8.876337672229015,1007,"V4 heat, season-cumulative"
Zv,3,0.059596913219478416,0.021200044024368717,2.811169314128491,7.90267291269765,1004,"V4 heat, season-cumulative"
Zv,4,0.07438617859379262,0.02231120357192442,3.334028052498136,11.115743054844513,1001,"V4 heat, season-cumulative"
Zv,5,0.07112428040444271,0.023909841175740337,2.9746864431959343,8.848759435333678,998,"V4 heat, season-cumulative"
Zv,6,0.07214484782591775,0.026325577361813294,2.740484922111066,7.510257608318096,995,"V4 heat, season-cumulative"
Zv,7,0.07661448861486482,0.02947662554776381,2.599160765221209,6.7556366834653,992,"V4 heat, season-cumulative"
Zv,8,0.07908972866958748,0.03065141188504543,2.580296430265736,6.657929668042101,989,"V4 heat, season-cumulative"
Zv,9,0.07425551996642375,0.033047479814623186,2.2469344223206518,5.0487142982094415,986,"V4 heat, season-cumulative"
Zv,10,0.08164904794280593,0.036850227345685056,2.215699978642508,4.909326395356409,983,"V4 heat, season-cumulative"
Zv,11,0.08029903000116372,0.039777806980089744,2.018689216360176,4.075106152248862,980,"V4 heat, season-cumulative"
Zv,12,0.0556219278959806,0.041599715967568174,1.3370747035711583,1.7877687629299008,977,"V4 heat, season-cumulative"
Zv,0,0.016251973748693714,0.007978208139925762,2.0370455951585313,4.1495547567547755,1013,"V5 heat, Black Sea x2"
Zv,1,0.033941525250540935,0.014286678236861949,2.3757464602909786,5.644171243585114,1010,"V5 heat, Black Sea x2"
Zv,2,0.04494987684919719,0.014092263980646306,3.1896845610420987,10.174087598950326,1007,"V5 heat, Black Sea x2"
Zv,3,0.050547005053526876,0.01811088616497763,2.7909735941730665,7.789533603371325,1004,"V5 heat, Black Sea x2"
Zv,4,0.06665927548666437,0.018833518933879433,3.5393956764368473,12.527321754379848,1001,"V5 heat, Black Sea x2"
Zv,5,0.06676196578288097,0.020460598397411326,3.2629527487977916,10.646860640887065,998,"V5 heat, Black Sea x2"
Zv,6,0.06923501027815279,0.022559948545530787,3.068934760131291,9.418360561942103,995,"V5 heat, Black Sea x2"
Zv,7,0.07352374163352862,0.024076420162053407,3.053765515747587,9.325483825169126,992,"V5 heat, Black Sea x2"
Zv,8,0.0764922981100002,0.02555950950017655,2.992713851158679,8.95633619491701,989,"V5 heat, Black Sea x2"
Zv,9,0.07261867549126562,0.02692716642704725,2.6968554484932024,7.273029310067471,986,"V5 heat, Black Sea x2"
Zv,10,0.0810222244773282,0.03030963572312666,2.673150717397344,7.145734757921934,983,"V5 heat, Black Sea x2"
Zv,11,0.07656110012860501,0.0326774369565878,2.3429346747823874,5.489342890297651,980,"V5 heat, Black Sea x2"
Zv,12,0.060472990561271166,0.033096466589300044,1.8271736167999832,3.338563425929932,977,"V5 heat, Black Sea x2"
