instrument,h,beta,se,t,F,n
Z,0,0.006821273465492713,0.003201772645353744,2.1304677817743904,4.538892969178692,1013
Z,1,0.012017373478694351,0.005370541316462393,2.2376465928783253,5.007062274619978,1010
Z,2,0.009477510055805619,0.006409289202626499,1.4787146836690994,2.186597115698605,1007
Z,3,0.008707969276216527,0.007344957996143496,1.1855710108606048,1.4055786217930364,1004
Z,4,0.012011212753998302,0.00790649866404435,1.5191569953234265,2.3078379764401014,1001
Z,5,0.011933525614827611,0.008525903778335038,1.3996786645835244,1.9591003640903182,998
Z,6,0.01238992635914208,0.009053932731139356,1.3684579648498139,1.8726772015608943,995
Z,7,0.014299379686228119,0.009291852771392668,1.5389158694219085,2.3682620531585887,992
Z,8,0.015347079897509037,0.009598301724711987,1.5989370138256986,2.5565995741818424,989
Z,9,0.013843889666303124,0.009825967829042652,1.408908507250012,1.9850231818014572,986
Z,10,0.01585515871949992,0.010341378554114091,1.5331765138016624,2.3506302224730193,983
Z,11,0.016566190309583135,0.011538302452894443,1.4357562888661686,2.061396121018753,980
Z,12,0.012030667447346143,0.012055017592691819,0.997980082139371,0.9959642443469056,977
Z_heat,0,0.015097112009792156,0.007544353900097275,2.001113973404336,4.004457134554089,1013
Z_heat,1,0.029471455031352106,0.013854326274335553,2.12723841259221,4.525143264007825,1010
Z_heat,2,0.04049926604268769,0.012942517525251471,3.1291644738878417,9.791670304641773,1007
Z_heat,3,0.047561673304264016,0.017824120234082877,2.6683882671144503,7.120295944074059,1004
Z_heat,4,0.061498610931134755,0.018466168036463847,3.3303396140280843,11.09116194476473,1001
Z_heat,5,0.06149129130689708,0.01951975540483296,3.1502080856849393,9.92381098311477,998
Z_heat,6,0.0631010122632902,0.02136708501130442,2.9531876823584553,8.721317487233705,995
Z_heat,7,0.06578393066765689,0.02272256000652092,2.8950932750877643,8.381565071458397,992
Z_heat,8,0.0695511392746356,0.02425326666065457,2.8677019161079262,8.223714279649071,989
Z_heat,9,0.06505618242571515,0.02540421611550541,2.5608419535530658,6.557911511077482,986
Z_heat,10,0.07089679555753597,0.028317545941765977,2.5036348737045473,6.268187580829585,983
Z_heat,11,0.06899871753143502,0.031717021983108766,2.1754475425902537,4.732572010561974,980
Z_heat,12,0.05401374307616512,0.03278121304179011,1.6477042203199552,2.7149291976601915,977
Z_sm,0,-0.015985697743531115,0.007990306876177617,-2.0006362698272624,4.002545484148342,1013
Z_sm,1,-0.028385852549474035,0.013267843835562124,-2.1394472908545055,4.577234710344683,1010
Z_sm,2,-0.01154050485408329,0.01717466427985329,-0.6719493706564535,0.451515956725604,1007
Z_sm,3,-0.0122881847383298,0.01989390952344654,-0.6176857657790796,0.38153570524608804,1004
Z_sm,4,-0.017611499033845308,0.02199591703782139,-0.8006712792907342,0.6410744974810609,1001
Z_sm,5,-0.01623063119526724,0.02392510765615173,-0.6783932356138822,0.4602173821266723,998
Z_sm,6,-0.020783224292525024,0.02531459777338649,-0.8209976108873691,0.6740370770827679,995
Z_sm,7,-0.029572870994238172,0.026071709172415955,-1.1342896930411632,1.2866131077394163,992
Z_sm,8,-0.02924632338533439,0.0269481093484136,-1.0852829416419183,1.1778390634189355,989
Z_sm,9,-0.028174537989652127,0.027214352212319694,-1.0352823308025596,1.0718095044719804,986
Z_sm,10,-0.036404889773120244,0.029233109871650304,-1.2453307203016737,1.5508486029270854,983
Z_sm,11,-0.04150534162972486,0.03281302188991528,-1.26490457870572,1.5999835932306952,980
Z_sm,12,-0.028175125927501918,0.034520961560654054,-0.8161744242841449,0.6661406908555554,977
Z_pr,0,-0.010314811872594146,0.00872480694070337,-1.1822395547198887,1.3976903647442809,1013
Z_pr,1,-0.010756712647044088,0.014834779948360308,-0.7251009239427937,0.525771349902693,1010
Z_pr,2,0.007504383899125128,0.01868847025972322,0.40155153390474824,0.16124363438125616,1007
Z_pr,3,0.012956306133082978,0.02224251122840396,0.5825019486350811,0.33930852016366664,1004
Z_pr,4,0.011781798780141612,0.025522194138025974,0.46162954158348396,0.21310183366257754,1001
Z_pr,5,0.011957150944311415,0.027415812265251558,0.4361406778184947,0.190218690847976,998
Z_pr,6,0.015464671134113603,0.028452559817713257,0.5435247736298936,0.2954191795494271,995
Z_pr,7,0.013974245583423243,0.0288378315550788,0.4845803179317814,0.23481808452686637,992
Z_pr,8,0.012139923719983535,0.030995780361211492,0.39166375482436916,0.15340049684312357,989
Z_pr,9,0.017383357950645863,0.03134104553208755,0.5546515011073403,0.3076382876806259,986
Z_pr,10,0.018086815836374132,0.032066090120468134,0.5640480572600001,0.3181502108987803,983
Z_pr,11,0.016243027249456456,0.03305070215446989,0.4914578568873065,0.24153082509626422,980
Z_pr,12,0.018174137953591542,0.03407229377568589,0.533399308929435,0.28451482276639883,977
Z|wheat,0,0.013642801474111706,0.007721497325869785,1.7668595737776698,3.121792753449809,411
Z|wheat,1,0.015458826340049083,0.009855722494789262,1.5685127445727283,2.460232229887073,410
Z|wheat,2,0.015721197547264424,0.011047239572497803,1.4230883148766393,2.025180351938433,409
Z|wheat,3,0.010262867129330965,0.01654029889362549,0.6204765219379559,0.3849911142762226,408
Z|wheat,4,0.00952184141208248,0.01807629038061116,0.5267585998892627,0.2774746225572963,407
Z|wheat,5,0.015611196069181644,0.018466442745114383,0.8453818791554674,0.7146705216044292,406
Z|wheat,6,0.013081520629119084,0.0196193385516805,0.6667666493781251,0.44457776472293165,405
Z|wheat,7,0.017585056957660515,0.02014193374635873,0.8730570350942373,0.7622285865275402,404
Z|wheat,8,0.0176642864070425,0.020961583175946347,0.8426981043737417,0.7101400951150977,403
Z|wheat,9,0.009686965178119853,0.021400837371655098,0.45264421246198566,0.2048867830753312,402
Z|wheat,10,0.01965461661078457,0.02157064152127896,0.9111744122860568,0.830238809604841,401
Z|wheat,11,0.01909491174926629,0.022873231914154128,0.8348147660519376,0.6969156936183514,400
Z|wheat,12,0.010346054866044018,0.022538033727867033,0.45904869035898604,0.21072570012030026,399
Z|maize,0,0.0068540746810646595,0.0047728526940944704,1.4360541002125038,2.0622513787371437,411
Z|maize,1,0.018278109469226214,0.008442612852173305,2.1649825461937473,4.687149425323561,410
Z|maize,2,0.013521299094553794,0.0100994771245465,1.3388117946909004,1.7924170216034696,409
Z|maize,3,0.012722086192806407,0.010498166242970498,1.2118388962762932,1.4685535105281444,408
Z|maize,4,0.019147808633949347,0.011177108668081515,1.7131271782862567,2.934804728983032,407
Z|maize,5,0.015585962928034259,0.012136194764199937,1.2842545155925358,1.6493096608198188,406
Z|maize,6,0.015546660800040081,0.012429514613192348,1.2507858338683056,1.5644652022056325,405
Z|maize,7,0.016908381775827104,0.01310489964077006,1.290233595015425,1.6647027297064274,404
Z|maize,8,0.022532195259335485,0.013361298326747104,1.686377678898896,2.843869675888428,403
Z|maize,9,0.02041479053739785,0.012840352320145515,1.5898933322389162,2.5277608078977645,402
Z|maize,10,0.01911605639503524,0.013368412036764258,1.4299421907751255,2.0447346689587653,401
Z|maize,11,0.02139047056251558,0.01457906957929818,1.4672040932495016,2.1526878512480923,400
Z|maize,12,0.020962830579514067,0.01510878282046882,1.3874599184200596,1.9250450252221982,399
Z|rice,0,0.001433662836666249,0.004693233025543621,0.3054744626706846,0.09331464734394349,191
Z|rice,1,0.0023374922388690765,0.005632833748225046,0.4149762523358053,0.17220529000266996,190
Z|rice,2,-4.528854951224578e-05,0.005351439640648107,-0.00846287215280278,7.162020507468477e-05,189
Z|rice,3,0.0006792706299096718,0.0049291737744945096,0.13780618435983857,0.01899054444781782,188
Z|rice,4,0.003721795278655821,0.006711308051884304,0.5545558704626692,0.30753221346460874,187
Z|rice,5,0.006087997897895272,0.008280582293218286,0.7352137425022974,0.5405392471642345,186
Z|rice,6,0.008669198868506724,0.008873279696163442,0.9770005190138482,0.9545300141533288,185
Z|rice,7,0.00818734117629773,0.008019356222344327,1.0209474363397584,1.042333667768725,184
Z|rice,8,0.004124819993524103,0.008836297301423499,0.46680412086854617,0.21790608725985627,183
Z|rice,9,0.005543386505071831,0.010777292358080908,0.5143579965069196,0.26456414857061233,182
Z|rice,10,0.0071080349468339845,0.012041792569395408,0.5902804674529336,0.34843103025645383,181
Z|rice,11,0.004437068911162251,0.014032953309037364,0.31618924494708706,0.09997563862020901,180
Z|rice,12,-0.004886339035174474,0.015644243163585838,-0.3123410307599994,0.0975569194962189,179
