,coef,se,t
W_t,0.005555732152265496,0.002561780690724401,2.1686993630569087
Wx_dist_coast_km,-0.0011407955090060452,0.001525551677691167,-0.7477921106760358
Wx_aridity_logprecip,-0.004382407124033037,0.001484632098274547,-2.9518472146239536
Wx_heat_clim,-0.002571879715110449,0.0024298975932494442,-1.0584313191862278
Wx_abs_lat,-0.004094321926788294,0.002397856957056859,-1.7074921482446077
Wx_imported,-0.0014572098262368646,0.0029038012455985065,-0.5018283632344531
Wx_g_wheat,-0.0012523591070242937,0.0023195981676670933,-0.5399034731450224
Wx_g_maize,0.013222913468241705,0.005307119685913702,2.491542352688656
Wx_g_coarse,0.012627100814321467,0.006374876615345891,1.9807600328961565
Wx_g_nontraded,0.006665672804004933,0.005533214955261661,1.2046654355378679
