,fold0,fold1,mean
abs_lat,0.9488503624759087,0.23488406577021945,0.5918672141230641
aridity_logprecip,0.0042706080484464426,0.17356770434746582,0.08891915619795614
g_coarse,0.01338704519128088,0.15756086627472476,0.08547395573300282
heat_clim,0.009418896043555322,0.12985097713823623,0.06963493659089579
dist_coast_km,0.006116706451808653,0.12084536557861073,0.06348103601520969
g_maize,0.015126714583610321,0.10768473920885724,0.06140572689623378
g_wheat,0.0018411300920678439,0.05728437699162001,0.029562753541843928
g_nontraded,0.0009046604287983248,0.01663003337231036,0.008767346900554342
imported,8.387668452354854e-05,0.001691871317955433,0.0008878740012394908
