model,h,term,coef,se,n,F_Gh,F_WGh
LPIV-1,0,Gh,0.07267709339785408,0.13834553306449407,631230.0,1.2200176186269716,
LPIV-1,0,W,8.5371780116916e-05,0.0009492102670480433,631230.0,1.2200176186269716,
LPIV-2,0,Gh,-0.2510940002170061,1.112923060140083,631230.0,1.498861455245692,0.6400761596757147
LPIV-2,0,WGh,-0.636915733057843,1.6153254377360442,631230.0,1.498861455245692,0.6400761596757147
LPIV-2,0,W,0.002217111620975095,0.005318238891345099,631230.0,1.498861455245692,0.6400761596757147
OLS-cum,0,Gh,0.028601264408080036,0.010621800146102088,631230.0,1.498861455245692,
OLS-cum,0,WGh,-0.0005354031409218942,0.006772876215750347,631230.0,1.498861455245692,
OLS-cum,0,W,9.673766365013274e-05,0.0009553965932766852,631230.0,1.498861455245692,
AR,0,AR_b_lo,-2.0,,,,
AR,0,AR_b_hi,3.0,,,,
AR,0,AR_b_bounded,False,,,,
AR,0,ARjoint_b_lo,-2.0,,,,
AR,0,ARjoint_b_hi,3.0,,,,
AR,0,AR_g_lo,-2.0,,,,
AR,0,AR_g_hi,2.0,,,,
AR,0,AR_g_bounded,False,,,,
AR,0,AR_rejects_g0,False,,,,
LPIV-1,2,Gh,-0.020145447202800593,0.07150482341138788,581694.0,9.63993262765925,
LPIV-1,2,W,0.0032173150583748853,0.001704382384407176,581694.0,9.63993262765925,
LPIV-2,2,Gh,0.12723456543788814,0.7836468894231053,581694.0,9.919540902060367,0.6565539225221283
LPIV-2,2,WGh,-1.1271787667315678,5.999201189143339,581694.0,9.919540902060367,0.6565539225221283
LPIV-2,2,W,0.004504733046813973,0.008521118471492523,581694.0,9.919540902060367,0.6565539225221283
OLS-cum,2,Gh,0.07198691160570139,0.015287170244229304,581694.0,9.919540902060367,
OLS-cum,2,WGh,-0.008163807800596164,0.00797299503119586,581694.0,9.919540902060367,
OLS-cum,2,W,0.0034331242987471816,0.0016549020611031633,581694.0,9.919540902060367,
AR,2,AR_b_lo,-0.3899999999999999,,,,
AR,2,AR_b_hi,0.10999999999999988,,,,
AR,2,AR_b_bounded,True,,,,
AR,2,ARjoint_b_lo,-2.0,,,,
AR,2,ARjoint_b_hi,1.12,,,,
AR,2,AR_g_lo,-2.0,,,,
AR,2,AR_g_hi,2.0,,,,
AR,2,AR_g_bounded,False,,,,
AR,2,AR_rejects_g0,False,,,,
LPIV-1,4,Gh,-0.11572500238156214,0.19336943186603828,558399.0,2.7398201786997367,
LPIV-1,4,W,0.006647374804979379,0.0020961054299746987,558399.0,2.7398201786997367,
LPIV-2,4,Gh,-0.11876104272699617,0.19514978983622577,558399.0,3.1058720239257123,0.07776459792972057
LPIV-2,4,WGh,0.05537527775548767,0.5710922920148672,558399.0,3.1058720239257123,0.07776459792972057
LPIV-2,4,W,0.006580914151662799,0.002242947191728305,558399.0,3.1058720239257123,0.07776459792972057
OLS-cum,4,Gh,0.0973086878968373,0.019273418429227578,558399.0,3.1058720239257123,
OLS-cum,4,WGh,-0.0027797316803652595,0.0089082734424303,558399.0,3.1058720239257123,
OLS-cum,4,W,0.00674287465268298,0.0019878448224404763,558399.0,3.1058720239257123,
AR,4,AR_b_lo,-2.0,,,,
AR,4,AR_b_hi,3.0,,,,
AR,4,AR_b_bounded,False,,,,
AR,4,ARjoint_b_lo,-2.0,,,,
AR,4,ARjoint_b_hi,3.0,,,,
AR,4,AR_g_lo,-2.0,,,,
AR,4,AR_g_hi,2.0,,,,
AR,4,AR_g_bounded,False,,,,
AR,4,AR_rejects_g0,False,,,,
LPIV-1,6,Gh,0.08591448949669189,0.20706464357953602,537986.0,1.4571015357704908,
LPIV-1,6,W,0.007516408766840616,0.002013532818662373,537986.0,1.4571015357704908,
LPIV-2,6,Gh,0.0911127965575993,0.2025601580745406,537986.0,1.5983659989914163,0.508461962312105
LPIV-2,6,WGh,-0.04287413412053709,0.18424194951195522,537986.0,1.5983659989914163,0.508461962312105
LPIV-2,6,W,0.007403130976681773,0.002179847385294125,537986.0,1.5983659989914163,0.508461962312105
OLS-cum,6,Gh,0.11349148636330397,0.021702188784343237,537986.0,1.5983659989914163,
OLS-cum,6,WGh,-0.00801239340621074,0.01009430254814708,537986.0,1.5983659989914163,
OLS-cum,6,W,0.007521570176457768,0.0019478690729444513,537986.0,1.5983659989914163,
AR,6,AR_b_lo,-2.0,,,,
AR,6,AR_b_hi,3.0,,,,
AR,6,AR_b_bounded,False,,,,
AR,6,ARjoint_b_lo,-2.0,,,,
AR,6,ARjoint_b_hi,3.0,,,,
AR,6,AR_g_lo,-2.0,,,,
AR,6,AR_g_hi,2.0,,,,
AR,6,AR_g_bounded,False,,,,
AR,6,AR_rejects_g0,False,,,,
LPIV-1,8,Gh,0.3400295707454699,0.3901558961997815,522100.0,1.0261738321515574,
LPIV-1,8,W,0.005569806631317799,0.0017819843341465727,522100.0,1.0261738321515574,
LPIV-2,8,Gh,0.35658117385084653,0.3976477918985456,522100.0,1.1951837337870768,0.8166892782696066
LPIV-2,8,WGh,-0.13000335293579768,0.2124414116292413,522100.0,1.1951837337870768,0.8166892782696066
LPIV-2,8,W,0.005085745877005422,0.002212449152372132,522100.0,1.1951837337870768,0.8166892782696066
OLS-cum,8,Gh,0.11038896556530972,0.021795594712138214,522100.0,1.1951837337870768,
OLS-cum,8,WGh,-0.010006180325590737,0.009703467708603477,522100.0,1.1951837337870768,
OLS-cum,8,W,0.005511156363126138,0.0018533195204761081,522100.0,1.1951837337870768,
AR,8,AR_b_lo,-2.0,,,,
AR,8,AR_b_hi,3.0,,,,
AR,8,AR_b_bounded,False,,,,
AR,8,ARjoint_b_lo,-2.0,,,,
AR,8,ARjoint_b_hi,3.0,,,,
AR,8,AR_g_lo,-2.0,,,,
AR,8,AR_g_hi,2.0,,,,
AR,8,AR_g_bounded,False,,,,
AR,8,AR_rejects_g0,False,,,,
LPIV-1,12,Gh,-0.12246803673184475,0.48928892847690353,488959.0,0.45534538407184877,
LPIV-1,12,W,0.006317025624364611,0.002192540802514823,488959.0,0.45534538407184877,
LPIV-2,12,Gh,-0.2490566391602922,1.3094447775435125,488959.0,1.8238939198870205,1.6236166815888948
LPIV-2,12,WGh,-0.2038360895489708,1.0737225334285545,488959.0,1.8238939198870205,1.6236166815888948
LPIV-2,12,W,0.004664026568171026,0.009523443102715112,488959.0,1.8238939198870205,1.6236166815888948
OLS-cum,12,Gh,0.10047932686253142,0.029599070928472953,488959.0,1.8238939198870205,
OLS-cum,12,WGh,0.0003877302795888757,0.012894037429408166,488959.0,1.8238939198870205,
OLS-cum,12,W,0.006532092409315914,0.00215289540589538,488959.0,1.8238939198870205,
AR,12,AR_b_lo,-2.0,,,,
AR,12,AR_b_hi,3.0,,,,
AR,12,AR_b_bounded,False,,,,
AR,12,ARjoint_b_lo,-2.0,,,,
AR,12,ARjoint_b_hi,3.0,,,,
AR,12,AR_g_lo,-2.0,,,,
AR,12,AR_g_hi,2.0,,,,
AR,12,AR_g_bounded,False,,,,
AR,12,AR_rejects_g0,False,,,,
