spec,h,term,coef,se,n,t
main,0,W,-4.189334676804592e-05,0.001004116597948459,884313,-0.04172159573264647
components,0,c_heat,-0.0004225769148359496,0.0008254303547528402,884313,-0.5119473889017353
components,0,c_dry,-0.0005258953895368315,0.0010449402512288663,884313,-0.5032779519387546
components,0,c_rain,0.0008575709333302036,0.0010563168161692193,884313,0.8118501193990486
bins,0,b_wet,-0.0005281863931875909,0.00178013917614838,884313,-0.29671072928713804
bins,0,b_dry1,0.0010895456106185472,0.001282654995186192,884313,0.8494455755504131
bins,0,b_dry2,-0.0008966877954631652,0.0034535729520073213,884313,-0.25964061217875334
tradability,0,W,-0.001081600865853333,0.0008646597600750702,884313,-1.250897654540357
tradability,0,W_x_wheat,-0.0013525375894070256,0.0009505956655098644,884313,-1.4228316396557252
tradability,0,W_x_maize,0.004408290538736164,0.0010784035883287023,884313,4.087792906520352
tradability,0,W_x_coarse,0.002633618253248652,0.0016381842137275886,884313,1.607644751536223
tradability,0,W_x_nontraded,0.0014069296773418442,0.0015825070481726745,884313,0.8890511286925578
imported,0,W,-2.4022479987329087e-06,0.0010556792096232768,884313,-0.0022755473223633536
imported,0,W_x_imported,-0.0004567969545434836,0.0009175508125285012,884313,-0.49784376876598807
state_hiG,0,W,-0.00020574499939729092,0.0009618404443883618,884313,-0.21390761908345932
state_hiG,0,hiG,0.00038906023924141785,0.0015610574095069685,884313,0.24922865544342498
state_hiG,0,W_x_hiG,0.0003815699082434619,0.0008665755875793649,884313,0.4403192447519946
state_dG,0,W,-4.224969188175598e-05,0.0010079716790877132,884313,-0.041915554532241404
state_dG,0,W_x_dG,7.840151189346912e-05,0.0071781168446697265,884313,0.010922295302519064
main,2,W,0.004168160886695592,0.0019560153848493882,816928,2.1309448376432565
components,2,c_heat,-0.00020378082898368956,0.0015534907086067085,816928,-0.1311760848357156
components,2,c_dry,0.0009546379951839337,0.001501640273713837,816928,0.6357301491541216
components,2,c_rain,0.004945080113627906,0.002103614518743695,816928,2.350753937837038
bins,2,b_wet,-0.00465939569444401,0.004383877603521582,816928,-1.0628480345119817
bins,2,b_dry1,0.005977621601461617,0.0017493025786832872,816928,3.4171455952240217
bins,2,b_dry2,0.004592973671271407,0.005001808283660798,816928,0.9182626383892173
tradability,2,W,-0.00011211213431224724,0.001509628959180279,816928,-0.07426469506329791
tradability,2,W_x_wheat,-0.0024632343957020084,0.0021136887304737556,816928,-1.165372346546933
tradability,2,W_x_maize,0.01404782350633789,0.0029497785377319416,816928,4.762331587488983
tradability,2,W_x_coarse,0.010115043770845161,0.004160849886248445,816928,2.43100425330778
tradability,2,W_x_nontraded,0.0070900185376545745,0.004426683422631821,816928,1.6016547515926283
imported,2,W,0.004435401851128168,0.0021056232128355357,816928,2.1064556204028726
imported,2,W_x_imported,-0.003133513254199073,0.002308731506468884,816928,-1.3572445498401247
state_hiG,2,W,0.0034017767547066696,0.0019103691392856937,816928,1.7806908019769563
state_hiG,2,hiG,-0.0001893025127369637,0.003551854551073085,816928,-0.05329680875580102
state_hiG,2,W_x_hiG,0.0018174217956532976,0.002079019602199688,816928,0.8741725156080253
state_dG,2,W,0.0041902857849072765,0.0019425609184435548,816928,2.1570936309501554
state_dG,2,W_x_dG,-0.005377059699602483,0.013783664469190523,816928,-0.39010378637853355
main,4,W,0.008730360303818501,0.0025624921464488075,783727,3.4069803163757375
components,4,c_heat,0.0016493638777922346,0.002033220330543381,783727,0.8112076458292348
components,4,c_dry,0.0024414142896422427,0.00235236837007364,783727,1.0378537310318514
components,4,c_rain,0.007921324162054004,0.0025381015141288255,783727,3.120964278992958
bins,4,b_wet,-0.009536564511099315,0.005389444758894327,783727,-1.7694892401227231
bins,4,b_dry1,0.010637493323128983,0.0025063630939246256,783727,4.244194845078136
bins,4,b_dry2,0.011143819411931799,0.0053946509255928905,783727,2.065716496884746
tradability,4,W,0.0026537844912463884,0.002146290881384509,783727,1.2364514587764124
tradability,4,W_x_wheat,-0.0018256274415525946,0.0024520291265608648,783727,-0.7445374207740997
tradability,4,W_x_maize,0.0167329752678425,0.004238875494946196,783727,3.9475033621045035
tradability,4,W_x_coarse,0.014038685379132203,0.006555434514330919,783727,2.141533920969244
tradability,4,W_x_nontraded,0.010997824680145568,0.006296132369079139,783727,1.7467588092901054
imported,4,W,0.009254419715726147,0.002793483942952623,783727,3.3128594632065513
imported,4,W_x_imported,-0.006077322180496606,0.0038015285107343014,783727,-1.5986522693006748
state_hiG,4,W,0.007849559986007922,0.002869160371577375,783727,2.7358387017218133
state_hiG,4,hiG,-0.0006130627650749859,0.0057321885244162075,783727,-0.10695090757459395
state_hiG,4,W_x_hiG,0.0021021180729249586,0.0030072612893000026,783727,0.6990141097497606
state_dG,4,W,0.008758199169519457,0.002555157530329886,783727,3.427655268044754
state_dG,4,W_x_dG,-0.006822958020259689,0.015992539921927278,783727,-0.42663379635556026
main,6,W,0.009935628372923867,0.0027374263514981364,757136,3.629550934762612
components,6,c_heat,0.0019611704829129635,0.002443919416366951,757136,0.8024693734903805
components,6,c_dry,0.003870599704645139,0.0029997887023648943,757136,1.2902907800118513
components,6,c_rain,0.007891804117526893,0.002484298823812433,757136,3.1766726457713497
bins,6,b_wet,-0.014731535276508986,0.006139570162527448,757136,-2.3994408218383363
bins,6,b_dry1,0.008947897433037538,0.002854109648085912,757136,3.1350923882824127
bins,6,b_dry2,0.01098084345561039,0.005527096165950601,757136,1.9867292201748408
tradability,6,W,0.004000151363049738,0.0026705660982372444,757136,1.497866450746196
tradability,6,W_x_wheat,-4.394871460724689e-05,0.0033326605664810117,757136,-0.013187275970817742
tradability,6,W_x_maize,0.011932106104206825,0.005190805498026724,757136,2.298700290107729
tradability,6,W_x_coarse,0.013336761772940468,0.007722642405951838,757136,1.7269687073250768
tradability,6,W_x_nontraded,0.014600325058517721,0.005589734958201008,757136,2.611988791543109
imported,6,W,0.01034909707975553,0.0029806611479730708,757136,3.4720810471170775
imported,6,W_x_imported,-0.0047367653882773595,0.004286248235357873,757136,-1.1051075738458416
state_hiG,6,W,0.008622304801623572,0.0026602387494935415,757136,3.24117705723409
state_hiG,6,hiG,0.002238210450114613,0.006824051632312171,757136,0.3279884987265619
state_hiG,6,W_x_hiG,0.003185038783450938,0.003338244877028986,757136,0.954105795344049
state_dG,6,W,0.009962870848652668,0.002725060464576711,757136,3.65601827121301
state_dG,6,W_x_dG,-0.006761903951246477,0.01878629275515864,757136,-0.35993817616781715
main,8,W,0.007623091922658774,0.0023576492204391234,736861,3.2333444078839415
components,8,c_heat,0.0025893362340218043,0.0029395654394329123,736861,0.8808568094069467
components,8,c_dry,0.0034407805373526104,0.002533518735915587,736861,1.358103450578647
components,8,c_rain,0.004547105829712004,0.0024690052833016207,736861,1.8416752124691653
bins,8,b_wet,-0.011676407984938918,0.00594375119174876,736861,-1.9644846508966178
bins,8,b_dry1,0.006255564695867562,0.0027172749325639917,736861,2.3021463970761613
bins,8,b_dry2,0.008572307014731741,0.007685899970710363,736861,1.115328985206589
tradability,8,W,0.002929898271651103,0.0035152223559202648,736861,0.8334887455175144
tradability,8,W_x_wheat,-0.0013568871295481805,0.0037019577971728157,736861,-0.3665323063878348
tradability,8,W_x_maize,0.00810312145598201,0.006444202498597535,736861,1.2574281236111853
tradability,8,W_x_coarse,0.013488267899151026,0.008510039315976575,736861,1.5849830298466925
tradability,8,W_x_nontraded,0.011860303999007697,0.006214179582820435,736861,1.90858726255617
imported,8,W,0.00787375368075527,0.002573071091705267,736861,3.0600606824030847
imported,8,W_x_imported,-0.002892809031011589,0.005436233426665026,736861,-0.5321348080496692
state_hiG,8,W,0.005841402183774462,0.0024126488752116075,736861,2.4211571952268134
state_hiG,8,hiG,0.0014748457474559461,0.00860069738573775,736861,0.17147978603475036
state_hiG,8,W_x_hiG,0.004306699688559393,0.004214984208825682,736861,1.0217593886927665
state_dG,8,W,0.007606126696069942,0.002329958127905775,736861,3.264490724091475
state_dG,8,W_x_dG,0.004137374364969878,0.01977717814751196,736861,0.2091994284579155
main,10,W,0.007828132342984403,0.0024911896472259378,715313,3.1423269407455243
components,10,c_heat,0.00563850306505988,0.002999465729487449,715313,1.8798358019657693
components,10,c_dry,0.002590459486289886,0.0023942430740699263,715313,1.0819534216659195
components,10,c_rain,0.002746934055075397,0.0025783953115439463,715313,1.0653657500759763
bins,10,b_wet,-0.010570397083653744,0.00622271708455731,715313,-1.6986787186397905
bins,10,b_dry1,0.005679658402562156,0.0037757385075798157,715313,1.5042509938546356
bins,10,b_dry2,0.008598523988979347,0.00924437420010707,715313,0.9301358645650408
tradability,10,W,0.003690419919054588,0.0041267909034304944,715313,0.8942590030395864
tradability,10,W_x_wheat,-0.002856360485841803,0.004479984767417567,715313,-0.6375826334535323
tradability,10,W_x_maize,0.005244628588741949,0.007974985753258201,715313,0.6576348536546591
tradability,10,W_x_coarse,0.01581040021491744,0.010111446512182215,715313,1.5636140878428382
tradability,10,W_x_nontraded,0.010812399052434273,0.005762735874013549,715313,1.876261430129333
imported,10,W,0.007921727248915116,0.0027829747088852705,715313,2.8464963133237347
imported,10,W_x_imported,-0.00108166192429892,0.007058553075444408,715313,-0.15324131061107285
state_hiG,10,W,0.0076065115565545575,0.002915794555226923,715313,2.6087268538583914
state_hiG,10,hiG,0.003388535675945885,0.010348684273708046,715313,0.3274363760961214
state_hiG,10,W_x_hiG,0.000546089770196533,0.005464530128321069,715313,0.09993352719684145
state_dG,10,W,0.007734917813441527,0.002459221947871951,715313,3.1452703242726088
state_dG,10,W_x_dG,0.023858031090519635,0.01884517081184679,715313,1.2660023795338364
main,12,W,0.008360772735156827,0.002802457285328707,691804,2.9833720495676253
components,12,c_heat,0.008008036073378305,0.003218934438034877,691804,2.48779098410812
components,12,c_dry,0.0002761936850251222,0.002593329265096999,691804,0.10650158803293788
components,12,c_rain,0.003509647313931172,0.0026653201162287468,691804,1.3167826605747803
bins,12,b_wet,-0.01107608225628786,0.006879899781673029,691804,-1.6099191278618332
bins,12,b_dry1,0.006136339994444133,0.0047045898013050045,691804,1.3043305056568324
bins,12,b_dry2,0.013941123437150284,0.008399383838316577,691804,1.6597793011379267
tradability,12,W,0.006120972200918727,0.004661541814472431,691804,1.313078900615089
tradability,12,W_x_wheat,-0.001273193703849665,0.005614818827084841,691804,-0.2267559725539167
tradability,12,W_x_maize,-0.0001446914353871072,0.00809362159768313,691804,-0.017877217712837772
tradability,12,W_x_coarse,0.00947563888088718,0.009625465973234376,691804,0.9844343024261036
tradability,12,W_x_nontraded,0.00898578006437736,0.00657468082047066,691804,1.3667249117857705
imported,12,W,0.008096089343930623,0.0029209214848815667,691804,2.7717586336487545
imported,12,W_x_imported,0.0030500035892247483,0.007017982758183926,691804,0.43459833036324114
state_hiG,12,W,0.009690522826655956,0.0034998766670058857,691804,2.768818375233238
state_hiG,12,hiG,0.005311784537002383,0.012300199683111218,691804,0.43184539063180616
state_hiG,12,W_x_hiG,-0.003140768955141366,0.00555857294077379,691804,-0.5650315267256618
state_dG,12,W,0.008347693599503228,0.002775385951932155,691804,3.00775954915091
state_dG,12,W_x_dG,0.00306900083663908,0.021215057401946666,691804,0.14466144392131
