model,h,term,coef,se,n,fs_F_dG,fs_F_WdG,t
RF,0,W,0.009901011891904345,0.00016213570954852412,123048,,,61.06620139063912
RF,0,Z,0.005562597606951189,0.00018219226972023036,123048,,,30.531468846032638
RF,0,WZ,0.0029145440578732373,0.00013695297289786232,123048,,,21.281349328917926
OLS,0,W,0.010018750522477218,0.00013323035272642673,123048,,,75.19870898375218
OLS,0,dG,0.4145827340485992,0.004126432385217741,123048,,,100.47001752258755
OLS,0,WdG,0.09900437767079584,0.0024571072679630507,123048,,,40.2930628880809
RF,1,W,0.014616619195075625,0.0001552833588111983,122518,,,94.12869033086335
RF,1,Z,0.0080841860392124,0.00025997572262399744,122518,,,31.095926795074433
RF,1,WZ,0.004277277378658788,0.000203899727306872,122518,,,20.9773570330549
OLS,1,W,0.01480936022931827,0.0001533240537474172,122518,,,96.58862955524836
OLS,1,dG,0.4477233695535169,0.00653639606483534,122518,,,68.4969767915671
OLS,1,WdG,0.14594122256569117,0.003952955634923338,122518,,,36.919519479636534
RF,2,W,0.01687281557631514,0.00024344871553749756,122180,,,69.30747422126481
RF,2,Z,0.008133448152183248,0.00032343803506053754,122180,,,25.14685123739674
RF,2,WZ,0.0051712532886926225,0.00024107530121621212,122180,,,21.450780161235613
OLS,2,W,0.01712589055903853,0.00022382502385816255,122180,,,76.51463747811849
OLS,2,dG,0.4250830288672091,0.0073600273817632485,122180,,,57.755631442416124
OLS,2,WdG,0.17329030860197517,0.005376343946485373,122180,,,32.23199823650766
RF,3,W,0.01775944290192235,0.0003230256150794254,121794,,,54.97843537131155
RF,3,Z,0.011077167291920367,0.0002665393809137739,121794,,,41.55921445433182
RF,3,WZ,0.00548478390851686,0.0002741014695744459,121794,,,20.01004926034223
OLS,3,W,0.018069125050992344,0.0002991030112293172,121794,,,60.41104359574318
OLS,3,dG,0.4785939907167262,0.008962114962241445,121794,,,53.40190264609469
OLS,3,WdG,0.184692768839373,0.0064157766771822935,121794,,,28.78728143643664
RF,4,W,0.018541378817967778,0.00041989964164516354,121464,,,44.156691216317306
RF,4,Z,0.009896223781114977,0.0003179875448247555,121464,,,31.12141950895855
RF,4,WZ,0.005554448278390118,0.0003421407302099089,121464,,,16.23439651567463
OLS,4,W,0.018867136698558468,0.00040193759371009763,121464,,,46.940462882321526
OLS,4,dG,0.4852890560314051,0.009186883577586884,121464,,,52.82412168750655
OLS,4,WdG,0.18963791351175452,0.005375728184752076,121464,,,35.27669312776097
RF,5,W,0.018644425143472098,0.0004211205222914975,121191,,,44.273371057814465
RF,5,Z,0.01019661190814591,0.0003272129989450565,121191,,,31.16200132947059
RF,5,WZ,0.006135973612685624,0.0003124479566551975,121191,,,19.638386111953324
OLS,5,W,0.01891661431299889,0.00041641023791878367,121191,,,45.42783195615947
OLS,5,dG,0.49315412811750914,0.009427078741303387,121191,,,52.31250758061725
OLS,5,WdG,0.19806296569041357,0.006408142354587525,121191,,,30.90801588523112
RF,6,W,0.01860703640799318,0.0004731921203819296,120709,,,39.3223716256619
RF,6,Z,0.00998619738743543,0.000385471346311521,120709,,,25.906458373601197
RF,6,WZ,0.005852432134710039,0.00041685196392760135,120709,,,14.03959352756339
OLS,6,W,0.018972689610958892,0.0004598331503702471,120709,,,41.25994308083816
OLS,6,dG,0.4801647120072921,0.009848885001686146,120709,,,48.753205253699996
OLS,6,WdG,0.19686681755228816,0.007426077824147903,120709,,,26.51020124137703
2SLS,0,W,0.01003391386465206,0.00014643384615748372,123048,98632.34368739015,26715.87326596025,68.52182147739936
2SLS,0,dG,0.1895596719199394,0.005796718192644242,123048,98632.34368739015,26715.87326596025,32.701205340718744
2SLS,0,WdG,0.09861466243732699,0.0040356275310344525,123048,98632.34368739015,26715.87326596025,24.436016871965656
2SLS,1,W,0.014826436210435629,0.0001514305676312655,122518,82308.43000236177,29481.18192964929,97.90913712043994
2SLS,1,dG,0.2765492539834946,0.008398652251214082,122518,82308.43000236177,29481.18192964929,32.927813381428855
2SLS,1,WdG,0.1460127559915655,0.006262243430204588,122518,82308.43000236177,29481.18192964929,23.31636539188245
2SLS,2,W,0.01712861736755371,0.00022346857153396064,122180,129549.8415613191,22604.25123521106,76.64888735797312
2SLS,2,dG,0.27804590378229144,0.010559508838625303,122180,129549.8415613191,22604.25123521106,26.33132923429505
2SLS,2,WdG,0.17556792759040057,0.007762246897732387,122180,129549.8415613191,22604.25123521106,22.618183871694402
2SLS,3,W,0.018074344258465387,0.0002983872152866849,121794,110719.8957541663,27159.010419784914,60.573453997014894
2SLS,3,dG,0.3780843348432783,0.00918259546265817,121794,110719.8957541663,27159.010419784914,41.1740162550764
2SLS,3,WdG,0.18489779608862913,0.00900994641299273,121794,110719.8957541663,27159.010419784914,20.521520063870586
2SLS,4,W,0.01888191170273933,0.0003947697483172537,121465,96974.53136692212,35639.29475340675,47.830189074075214
2SLS,4,dG,0.3390429461350656,0.010748659088947891,121465,96974.53136692212,35639.29475340675,31.542813231808623
2SLS,4,WdG,0.18952070661196613,0.010575410650302194,121465,96974.53136692212,35639.29475340675,17.920883914474803
2SLS,5,W,0.01896238790952571,0.00040356149084477464,121191,90766.62880655774,20439.436333561076,46.98760496159277
2SLS,5,dG,0.349569779516959,0.011106793701410645,121191,90766.62880655774,20439.436333561076,31.47350971978178
2SLS,5,WdG,0.20990892538423825,0.009964491085507047,121191,90766.62880655774,20439.436333561076,21.065694533014575
2SLS,6,W,0.018986670402288536,0.00045459126520205597,120709,96992.04003956467,26932.240941210035,41.766465516774446
2SLS,6,dG,0.34283646672934315,0.012908615555089235,120709,96992.04003956467,26932.240941210035,26.55873244239422
2SLS,6,WdG,0.20040671991905035,0.013420332127390975,120709,96992.04003956467,26932.240941210035,14.933067081851059
DML-PLIV,0,drought W>1,0.35866973450136147,0.011716868341224967,19619,,,30.611399228529994
DML-PLIV,0,normal |W|<0.5,0.21940366348091642,0.007880758406995146,47495,,,27.840425013685053
DML-PLIV,0,all,0.22492290400850407,0.005052176515343092,123048,,,44.5200010976318
DML-PLIV,3,drought W>1,0.6070297093198134,0.025028153585882743,19364,,,24.25387503064595
DML-PLIV,3,normal |W|<0.5,0.4018065065689117,0.016239031629180035,46971,,,24.743255370406608
DML-PLIV,3,all,0.39122831705823813,0.010546155293621184,121794,,,37.09677187238762
DML-PLIV,6,drought W>1,0.5852300695081804,0.032966285787549836,19178,,,17.75238112293501
DML-PLIV,6,normal |W|<0.5,0.3452464965500729,0.0215239503822582,46553,,,16.040108363874193
DML-PLIV,6,all,0.3404483158031427,0.013918806019819463,120709,,,24.459591959135487
