model,term,coef,se,t,n,countries
pooled,Wy,-0.07406886059067265,0.023338826047788523,-3.1736326599722466,7233,86
traded interaction,Wy,-0.08335516053922826,0.028413054933621777,-2.933692302146374,7233,86
traded interaction,Wy_traded,0.031998121975625314,0.034381647996405446,0.9306744685121165,7233,86
crop=maize,Wy,-0.11305561390419362,0.03273646714963479,-3.4535068609397848,1310,82
crop=rice,Wy,-0.06308702904185524,0.02763203036759065,-2.283112323003576,1167,70
crop=wheat,Wy,-0.03569734874426441,0.0505431036475534,-0.7062753603971129,888,57
crop=sorghum,Wy,-0.16866302259000276,0.05578345589125846,-3.0235312584216048,1102,68
crop=millet,Wy,-0.06628480910255459,0.053467389711964144,-1.239724053477074,947,55
crop=cassava,Wy,-0.005934015524619444,0.040031336527130555,-0.14823425944316815,910,54
crop=yams,Wy,-0.023276581366929543,0.05572451388155761,-0.4177081098707095,493,33
crop=plantains,Wy,-0.026996188901215155,0.033209783043380445,-0.8128986830763468,416,29
