spec,term,coef,se,t,n,countries
import dependence,W,0.009154620912774402,0.0028597752828472245,3.201167926614135,547980,73
import dependence,W_x_import_dep,-0.0024508578662314554,0.001715070074562808,-1.4290132529169157,547980,73
conflict,W,0.00938136546688711,0.002940302469726364,3.1906123820520333,547980,73
conflict,conflict_z,0.00190456798954317,0.0041115278932318455,0.4632263331299193,547980,73
conflict,W_x_conflict,0.0010583055010410704,0.002430141211314379,0.4354913599727276,547980,73
remoteness,W,0.009418961658575354,0.0028949424369300114,3.253592036380469,547980,73
remoteness,W_x_remote,0.0012906554514657655,0.0010493542234576267,1.229952119707538,547980,73
joint,W,0.009195130973832696,0.002816478046311949,3.264762168437033,547980,73
joint,conflict_z,0.0017099041404127757,0.004058867303780163,0.4212761867874525,547980,73
joint,W_x_import_dep,-0.0027645042344018296,0.001648065154111544,-1.677424116094577,547980,73
joint,W_x_conflict,0.0015392847787164866,0.0023428662043393916,0.6570092546750925,547980,73
joint,W_x_remote,0.0018501990864248975,0.0010613533601437084,1.7432451395587785,547980,73
