model,h,term,coef,se,n,fs_F_dG,fs_F_WdG
RF,0,W,0.009901011891904331,0.00022433224574306562,123048.0,,
RF,0,Z,0.005562597606951185,0.0008513871579556322,123048.0,,
RF,0,WZ,0.002914544057873237,0.0001777021088288021,123048.0,,
OLS,0,W,0.010018750522477186,0.00012636874397234686,123048.0,,
OLS,0,dG,0.414582734048596,0.015233296065193334,123048.0,,
OLS,0,WdG,0.09900437767079463,0.002365107000184924,123048.0,,
2SLS,0,W,0.010033913864652053,0.00014152548184763285,123048.0,533.7810477278454,530.55465331501
2SLS,0,dG,0.1895596719199395,0.022922598240364248,123048.0,533.7810477278454,530.55465331501
2SLS,0,WdG,0.0986146624373271,0.003985614964274955,123048.0,533.7810477278454,530.55465331501
AR,0,AR_b_lo,0.14000000000000012,,,,
AR,0,AR_b_hi,0.22999999999999998,,,,
AR,0,AR_b_bounded,True,,,,
AR,0,ARjoint_b_lo,0.1200000000000001,,,,
AR,0,ARjoint_b_hi,0.2400000000000002,,,,
AR,0,AR_g_lo,0.08999999999999986,,,,
AR,0,AR_g_hi,0.10999999999999988,,,,
AR,0,AR_g_bounded,True,,,,
AR,0,AR_rejects_g0,True,,,,
RF,1,W,0.014616619195075616,0.0003008554878750683,122518.0,,
RF,1,Z,0.008084186039212404,0.0011506539209128125,122518.0,,
RF,1,WZ,0.00427727737865879,0.00027184238689935885,122518.0,,
OLS,1,W,0.014809360229318239,0.00017742853808200927,122518.0,,
OLS,1,dG,0.4477233695535086,0.022571794169731915,122518.0,,
OLS,1,WdG,0.14594122256569078,0.004129991170674282,122518.0,,
2SLS,1,W,0.014826436210435627,0.00017662107674744723,122518.0,532.4600816952592,526.3734717678224
2SLS,1,dG,0.2765492539834949,0.03321561953548469,122518.0,532.4600816952592,526.3734717678224
2SLS,1,WdG,0.1460127559915658,0.006396512172548386,122518.0,532.4600816952592,526.3734717678224
AR,1,AR_b_lo,0.20999999999999996,,,,
AR,1,AR_b_hi,0.33999999999999986,,,,
AR,1,AR_b_bounded,True,,,,
AR,1,ARjoint_b_lo,0.18000000000000016,,,,
AR,1,ARjoint_b_hi,0.3599999999999999,,,,
AR,1,AR_g_lo,0.1299999999999999,,,,
AR,1,AR_g_hi,0.16000000000000014,,,,
AR,1,AR_g_bounded,True,,,,
AR,1,AR_rejects_g0,True,,,,
