model,h,term,coef,se,n
RF,0,W,0.009901011891904345,0.00016213570954852412,123048
RF,0,Z,0.005562597606951189,0.00018219226972023036,123048
RF,0,WZ,0.0029145440578732373,0.00013695297289786232,123048
OLS,0,W,0.010018750522477218,0.00013323035272642673,123048
OLS,0,dG,0.4145827340485992,0.004126432385217741,123048
OLS,0,WdG,0.09900437767079584,0.0024571072679630507,123048
RF,1,W,0.014616619195075625,0.0001552833588111983,122518
RF,1,Z,0.0080841860392124,0.00025997572262399744,122518
RF,1,WZ,0.004277277378658788,0.000203899727306872,122518
OLS,1,W,0.01480936022931827,0.0001533240537474172,122518
OLS,1,dG,0.4477233695535169,0.00653639606483534,122518
OLS,1,WdG,0.14594122256569117,0.003952955634923338,122518
RF,2,W,0.01687281557631514,0.00024344871553749756,122180
RF,2,Z,0.008133448152183248,0.00032343803506053754,122180
RF,2,WZ,0.0051712532886926225,0.00024107530121621212,122180
OLS,2,W,0.01712589055903853,0.00022382502385816255,122180
OLS,2,dG,0.4250830288672091,0.0073600273817632485,122180
OLS,2,WdG,0.17329030860197517,0.005376343946485373,122180
RF,3,W,0.01775944290192235,0.0003230256150794254,121794
RF,3,Z,0.011077167291920367,0.0002665393809137739,121794
RF,3,WZ,0.00548478390851686,0.0002741014695744459,121794
OLS,3,W,0.018069125050992344,0.0002991030112293172,121794
OLS,3,dG,0.4785939907167262,0.008962114962241445,121794
OLS,3,WdG,0.184692768839373,0.0064157766771822935,121794
RF,4,W,0.018541378817967778,0.00041989964164516354,121464
RF,4,Z,0.009896223781114977,0.0003179875448247555,121464
RF,4,WZ,0.005554448278390118,0.0003421407302099089,121464
OLS,4,W,0.018867136698558468,0.00040193759371009763,121464
OLS,4,dG,0.4852890560314051,0.009186883577586884,121464
OLS,4,WdG,0.18963791351175452,0.005375728184752076,121464
RF,5,W,0.018644425143472098,0.0004211205222914975,121191
RF,5,Z,0.01019661190814591,0.0003272129989450565,121191
RF,5,WZ,0.006135973612685624,0.0003124479566551975,121191
OLS,5,W,0.01891661431299889,0.00041641023791878367,121191
OLS,5,dG,0.49315412811750914,0.009427078741303387,121191
OLS,5,WdG,0.19806296569041357,0.006408142354587525,121191
RF,6,W,0.01860703640799318,0.0004731921203819296,120709
RF,6,Z,0.00998619738743543,0.000385471346311521,120709
RF,6,WZ,0.005852432134710039,0.00041685196392760135,120709
OLS,6,W,0.018972689610958892,0.0004598331503702471,120709
OLS,6,dG,0.4801647120072921,0.009848885001686146,120709
OLS,6,WdG,0.19686681755228816,0.007426077824147903,120709
