check,h,coef,se,t,n
baseline,6,0.009935628372923867,0.0027374263514981364,3.629550934762612,757136
S3 cluster 2deg cell x month,6,0.009935628372923867,0.002219146756660054,4.477229071536292,757136
S3 cluster 5deg cell x month,6,0.009935628372923867,0.002641090528984994,3.761941616118044,757136
S2a series monitored before 2010,6,0.016590767415152603,0.004337336155712525,3.8251052764959415,240582
S1 window 1 month,6,0.005594376772950457,0.0016454371481471124,3.399933433647193,757136
S1 window 2 months,6,0.008095803847209922,0.0022902667868363855,3.534873707177538,757136
S1 window 6 months,6,0.014021309217687645,0.0033068559785412676,4.24007253677639,757136
S1 clip 3,6,0.01020544273683641,0.0027511259562103462,3.709551252569448,757136
S1 clip 5,6,0.009794307119016589,0.002729411080203572,3.5884323875046644,757136
S1 no clipping,6,0.009426619383655957,0.0026748731050389354,3.5241370388367423,757136
