iso3,coarse,maize,nontraded,rice,wheat,exposure_pct,local_staple_share
COD,0.0021960356733484302,0.11859291565321926,0.8129944924375856,0.036326148340741986,0.0298904078951047,1.731317283581877,0.9337834437641532
UGA,0.0555112705830226,0.39908858075750075,0.4316114645857101,0.04294146998962697,0.0708472140841396,1.5801013283046277,0.8862113159262335
NER,0.8470275885951748,0.02172787388070777,0.012311802246005176,0.09555911017298527,0.023373625105126895,1.5734744897883925,0.8810672647218877
MWI,0.021302246813314933,0.743607127508535,0.16764509398717528,0.024080800745486446,0.043364730945488435,1.5602820541797704,0.9325544683090252
ZMB,0.009890194271673194,0.7343603624356907,0.18147892190739462,0.018110266451662443,0.056160254933579054,1.5541703371346494,0.9257294786147585
GHA,0.0502388725411256,0.11750137858003816,0.6439457156660371,0.13518624250320854,0.053127790709590526,1.5471696025131743,0.8116859667872008
RWA,0.13847684020562176,0.350801159356885,0.3450419720004374,0.10122156294432896,0.06445846549272666,1.506767273020111,0.8343199715629441
AGO,0.0075304680906545735,0.2227020531713772,0.5369361178798403,0.0746932928795319,0.15813806797859614,1.459037984196518,0.767168639141872
BFA,0.48766721652960227,0.3176150798906696,0.008860519439862253,0.14334113978158,0.042516044358285876,1.4421367626439112,0.8141428158601342
MOZ,0.05588388072050439,0.37281996410541934,0.34549622547022213,0.11899022385900958,0.10680970584484459,1.4233651785715624,0.7742000702961458
COG,0.0,0.025485613983144938,0.6579522263696058,0.11058146789184845,0.2059806917554007,1.3901512204562547,0.6834378403527508
CMR,0.18667422562847483,0.2373230818998263,0.3097747505624292,0.16039158471891607,0.10583635719035349,1.3839705914886358,0.7337720580907303
NGA,0.18887843841794827,0.1747890821965186,0.3507737956440838,0.1806076122899625,0.10495107145148695,1.372157894862739,0.7144413162585506
LSO,0.017703821366343145,0.7699524865821827,0.0,0.025648848551855404,0.18669484349961862,1.341521277778417,0.7876563079485259
TZA,0.0802329639276169,0.45647992101186513,0.19285914917522087,0.1698627921624704,0.10056517372282654,1.332835269959077,0.7295720341147028
SLV,0.1333493556777146,0.5630238237324866,0.034500316712866685,0.07950816834052642,0.18961833553640567,1.2992042312787608,0.730873496123068
ZWE,0.0431507359030927,0.6072958952187305,0.047565434280048884,0.09290071369756797,0.20908722090056012,1.2507243193954358,0.6980120654018721
KEN,0.026770925534805052,0.6221485097320936,0.04489645683437476,0.08290464213413726,0.2232794657645894,1.2426420868285035,0.6938158921012734
ETH,0.22712666316995114,0.4111088513289304,0.004393016559445949,0.013209021526209314,0.34416244741546337,1.198369396904096,0.6426285310583274
CIV,0.012722314303689704,0.08583557364744669,0.4336012236572003,0.3956409795975315,0.07219990879413181,1.152157072837517,0.5321591116083366
GAB,0.0,0.08858885891775713,0.4252032610998963,0.2128716893893165,0.2733361905930301,1.125329608107504,0.5137921200176534
NAM,0.17672836732143282,0.40679886082916955,0.0024038525459829864,0.06426316867120668,0.34980575063220787,1.1230826182482052,0.5859310806965853
SWZ,0.021091739250556192,0.5717332402708506,0.0,0.20439090120351117,0.20278411927508203,1.1094516449640193,0.5928249795214068
NIC,0.010570803850471528,0.497281513903394,0.03455606535318806,0.2996065040268797,0.15798511286606665,1.0572333987570188,0.5424083831070536
HTI,0.04073141519789367,0.21352362997172053,0.166406208977914,0.4344359236579761,0.14490282219449563,0.9514379602851453,0.4206612541475282
GMB,0.3003397230460948,0.10484967918731876,0.010538381405471399,0.3499910424587455,0.2342811739023694,0.9400355634982329,0.41572778363888496
SLE,0.038325502989058326,0.02974386189457911,0.30565345653768705,0.5889303385518285,0.03734684002684689,0.9327194857413796,0.3737228214213245
VEN,0.0,0.36402195608782434,0.05356933192438652,0.23951361981918515,0.342895092168604,0.9110759828068258,0.41759128801221085
GIN,0.007203161581278753,0.059563800800854896,0.26935849674968665,0.5630895496629402,0.10078499120523955,0.8735232043200786,0.3361254591318203
ECU,0.0,0.2994215040893677,0.07707555292947199,0.3631393819108294,0.2603635610703311,0.8686766002720898,0.3764970570188397
MDG,0.0006126976858029418,0.08323845467537286,0.23717558999786817,0.6428083030011132,0.03616495463984272,0.8462784145905188,0.32102674235904394
LBR,0.0,0.004001260470331313,0.289990619755674,0.6475043420271588,0.058503777746836,0.8279280974054466,0.2939918802260053
CPV,0.0,0.32126085717471836,0.027765043098285567,0.41343997422776213,0.23753412549923386,0.8228409332994541,0.34902590027300395
TLS,0.0,0.309230968630942,0.03679903952085188,0.5699314771800933,0.08403851466811285,0.8223512645609256,0.3460300081517939
BOL,0.0,0.22186536844164723,0.10612278085084217,0.2699974337018469,0.40201441700566365,0.8179231559799524,0.32798814929248943
SEN,0.18046160147672055,0.09871508712542922,0.0217195566229581,0.5042033486045677,0.19490040617032453,0.7893350609269126,0.3008962452251079
DOM,0.0,0.06626067660705937,0.21243093234759464,0.4970491476698919,0.2242592433754541,0.7882485546135385,0.278691608954654
LAO,0.0,0.10650994006402395,0.17854631673616222,0.7092683785840519,0.005675364615761967,0.7877624106415577,0.2850562568001862
EGY,0.01164769322947873,0.27771057361798746,3.784175838037274e-06,0.17790672006559238,0.5327312289111034,0.7445808300981042,0.2893620510233042
IDN,0.00031678084550184975,0.07785646797621114,0.16127037382894385,0.6630278188674672,0.09752855848187601,0.7283681455939789,0.23944362265065683
GNB,0.09884444101848966,0.026690329113569236,0.10803670599117739,0.72685290624135,0.039575617635413785,0.7212519692629895,0.23357147612323625
KHM,6.749314269670202e-06,0.004007742813330165,0.20718504999892012,0.7784024643096261,0.010397993563853913,0.7072574288331123,0.21119954212651995
NPL,0.05918695602866786,0.18794793528488163,8.14609299004739e-05,0.518965222572025,0.233818425184525,0.7023041738373109,0.24721635224344995
PER,0.0,0.11017882753985686,0.11432906761634877,0.4667992341571456,0.3086928706866488,0.6970491719653218,0.22450789515620562
PAN,0.0,0.15528786152260027,0.05745943892777688,0.5363372944815237,0.2509154050680992,0.6680961679930427,0.21274730045037715
YEM,0.10867873501889613,0.0990707959487936,0.0,0.11029097339132513,0.6819594956409851,0.6601725767622832,0.20774953096768972
MRT,0.1188286041836051,0.02936654000415027,0.0012212670560660234,0.3496923019353171,0.5008912868208616,0.5931162187888501,0.14941641124382138
FJI,0.0,0.013032721448750237,0.11487974453592091,0.401256064676703,0.4708314693386258,0.5812248353192604,0.12791246598467115
IND,0.08677781199462284,0.03967781254782931,0.010389217636960093,0.49039356952791197,0.3727615882926757,0.5766229800045405,0.13684484217941226
GEO,0.0,0.14521020276684524,0.00017460868587897412,0.02107747608162053,0.8335377124656553,0.5698731342409424,0.14538481145272422
PHL,0.0,0.11443654206151625,0.015334073189279027,0.7640782882862218,0.10615109646298279,0.5584837573917113,0.12977061525079528
KGZ,0.0,0.12949086701218449,0.0,0.047326283307651186,0.8231828496801642,0.5509072299634644,0.12949086701218449
MDA,0.0,0.12470373272383826,7.802924145823648e-05,0.044073516550327235,0.8311447214843762,0.5452741043628707,0.1247817619652965
UKR,0.01858451503041027,0.09347170721831327,0.0,0.030096874661992574,0.8578469030892839,0.5325621672225598,0.11205622224872354
MMR,0.0141731494177159,0.023835521299103928,0.05056903816618993,0.8759321378579533,0.03549015325903677,0.5210347898102067,0.08857770888300975
LKA,0.0025572653253823226,0.02943784499330202,0.05246273359787438,0.7374836509198238,0.1780585051636175,0.5143660012984352,0.08445784391655872
TUR,0.0,0.09456257379081857,0.0,0.05505268479196959,0.8503847414172118,0.509110871070173,0.09456257379081857
ARG,0.0,0.08772897655549881,0.0054780924482303395,0.07491544369176215,0.8318774873045087,0.5090364803890417,0.09320706900372916
DZA,0.0002073208870522835,0.0710179455554267,8.960479016666492e-05,0.017604705832744753,0.9110804229346096,0.4811577459572435,0.07131487123264565
SYR,0.0003447770739323522,0.06370694305997691,0.0,0.08424529549003003,0.8517029843760606,0.47274763255253294,0.06405172013390927
PAK,0.010154930548374866,0.04949074552786682,2.800468755385517e-05,0.1454821976355427,0.7948441216006618,0.46915905794929086,0.05967368076379554
TJK,0.0,0.047177825631704765,0.0,0.05918762471106545,0.8936345496572298,0.45238080944669073,0.047177825631704765
ARM,0.0,0.03168338967069979,0.0012830825085235074,0.026521898670502954,0.9405116291502738,0.43556000748684387,0.03296647217922329
JOR,0.0,0.02155219283354082,0.003459624034955739,0.15627115108504372,0.8187170320464596,0.4271844489022947,0.02501181686849656
LBN,0.0,0.024994175548954514,1.6987982216009476e-05,0.10593463024443281,0.8690542062243968,0.42604387324618553,0.025011163531170524
KAZ,0.006302831866765313,0.016799156264265588,0.0003463094432288634,0.09384985911502197,0.8827018433107183,0.42509226642050363,0.023448297574259765
IRN,0.0,0.015964203179411232,0.0,0.17750500338532874,0.80653079343526,0.41551919375929075,0.015964203179411232
AFG,0.0021934648673713393,0.009549326846838863,0.0,0.1006556655804848,0.887601542705305,0.4104339715718071,0.011742791714210202
DJI,0.005708373841298889,0.004242288756375131,0.0,0.30758326444812994,0.6824660729541961,0.40969085179783477,0.00995066259767402
BLR,0.0,0.00889302570276655,0.0001669339295741161,0.05585204595235807,0.9350879944153013,0.4067605263558406,0.009059959632340667
LBY,0.0,0.00862814349451001,0.0,0.11666609023642457,0.8747057662690655,0.4064661092621443,0.00862814349451001
MNG,0.0,0.0020486778944386022,0.005064484316172024,0.08443168258569303,0.9084551552036964,0.40586140859798303,0.007113162210610625
BGD,0.0003645763828794931,0.003213775209081116,0.00019810943069678113,0.9268439654354074,0.06937957354193522,0.40432040572141936,0.0037764610226573903
IRQ,0.0,0.0025327584400955407,0.0,0.24770549256571003,0.7497617489941943,0.39974214403632685,0.0025327584400955407
